Workbook

Sheet Info
A1: Statsfinity – Deckbuilding benchmarks
A3: This sheet comes from the Statsfinity community: two players used it to optimize their Commander decks.
A4: Statsfinity's deck check takes the ranges and play styles from it (sheet “Benchmarks by Card Role”):
A5: Lands 29–37 · Ramp 9–17 · Card draw 7–15 · Single target removal 7–15 · Board wipes 0–8 · Win cons ~3 (±3).
A6: The target starts in the middle of each range; every matching play style moves it a quarter of the range towards “fewer” or “more”.
A7: Statsfinity reads the curve (low/high) from the average mana value: up to 2.8 low, from 3.6 high.
A8: Double-faced cards with a land back: count 1:1 if the land can enter untapped (e.g. pay 3 life), otherwise 0.38 (Frank Karsten).
A10: The probabilities (“At least 1 by turn X”) are hypergeometric; the sheet “Hypergeometric Calculator” computes any case of your own.

Sheet Hypergeometric Calculator
A1: Parameter | B1: Description | C1: Value | E1: Results (percent)
A2: Cards in deck | B2: 99 normally | C2: 99 | E2: Exactly 0 | F2: =Data!B1*100 -> 22.728232
A3: Cards drawn | B3: Depends on the turn | C3: 10 | E3: Exactly 1 | F3: =Data!B2*100 -> 38.37234 | H3: At least 1 | I3: =SUM(F3:F7) -> 77.24722 | K3: At most 1 | L3: =100-I3 -> 22.75278
A4: Hits in deck | B4: How many cards in the deck are the right ones | C4: 13 | E4: Exactly 2 | F4: =Data!B3*100 -> 26.565466 | H4: At least 2 | I4: =SUM(F4:F7) -> 38.87488 | K4: At most 2 | L4: =100-I4 -> 61.12512
E5: Exactly 3 | F5: =Data!B4*100 -> 9.8639706 | H5: At least 3 | I5: =SUM(F5:F7) -> 12.309413 | K5: At most 3 | L5: =100-I5 -> 87.690587
E6: Exactly 4 | F6: =Data!B5*100 -> 2.1577436 | H6: At least 4 | I6: =SUM(F6:F7) -> 2.4454427 | K6: At most 4 | L6: =100-I6 -> 97.554557
E7: Exactly 5 | F7: =Data!B6*100 -> 0.28769914 | H7: At least 5 | I7: =SUM(F7:F7) -> 0.28769914 | K7: At most 5 | L7: =100-I7 -> 99.712301

Sheet Benchmarks by Card Role
A1: Turn | C1: Deck types | D1: Lands | M1: Deck types | O1: Turn | P1: Notes
C2: Fast Mana | D2: 29 | E2: 30 | F2: 31 | G2: 32 | H2: 33 | I2: 34 | J2: 35 | K2: 36 | L2: 37 | M2: Landfall | P2: More untapped lands = better MDFC lands replace lands 1:1 (max. 5 or 6 because they are slow)
B3: At least 1 by turn X | C3: Low curve | D3: Average number drawn | M3: High curve | N3: At least 1 by turn X
A4: 1 | B4: =SUM(Data!F2:F9)*100 -> 94.485804 | D4: =Data!F10 -> 2.3434343 | E4: =Data!G10 -> 2.4242424 | F4: =Data!H10 -> 2.5050505 | G4: =Data!I10 -> 2.5858586 | H4: =Data!J10 -> 2.6666667 | I4: =Data!K10 -> 2.7474747 | J4: =Data!L10 -> 2.8282828 | K4: =Data!M10 -> 2.9090909 | L4: =Data!N10 -> 2.989899 | N4: =SUM(Data!N2:N9)*100 -> 98.025069 | O4: 1
A5: 2 | B5: =SUM(Data!F12:F20)*100 -> 99.999421 | D5: =Data!F21 -> 2.6363116 | E5: =Data!G21 -> 2.7271983 | F5: =Data!H21 -> 2.818077 | G5: =Data!I21 -> 2.9089451 | H5: =Data!J21 -> 2.9997995 | I5: =Data!K21 -> 3.0906364 | J5: =Data!L21 -> 3.1814511 | K5: =Data!M21 -> 3.2722378 | L5: =Data!N21 -> 3.3629896 | N5: 100 | O5: 2
A6: 3 | B6: =B5 -> 99.999421 | D6: =Data!F32 -> 2.9288751 | E6: =Data!G32 -> 3.0297135 | F6: =Data!H32 -> 3.1304927 | G6: =Data!I32 -> 3.2311962 | H6: =Data!J32 -> 3.3318035 | I6: =Data!K32 -> 3.4322897 | J6: =Data!L32 -> 3.5326252 | K6: =Data!M32 -> 3.6327742 | L6: =Data!N32 -> 3.7326944 | N6: =N5 -> 100 | O6: 3
A7: 4 | B7: =B6 -> 99.999421 | D7: =Data!F43 -> 3.2203811 | E7: =Data!G43 -> 3.3307676 | F7: =Data!H43 -> 3.4409188 | G7: =Data!I43 -> 3.5507735 | H7: =Data!J43 -> 3.6602585 | I7: =Data!K43 -> 3.769287 | J7: =Data!L43 -> 3.877757 | K7: =Data!M43 -> 3.9855494 | L7: =Data!N43 -> 4.0925265 | N7: =N6 -> 100 | O7: 4
A8: 5 | B8: =B7 -> 99.999421 | D8: =Data!F54 -> 3.509261 | E8: =Data!G54 -> 3.6282567 | F8: =Data!H54 -> 3.7465754 | G8: =Data!I54 -> 3.8640565 | H8: =Data!J54 -> 3.9805125 | I8: =Data!K54 -> 4.0957264 | J8: =Data!L54 -> 4.2094496 | K8: =Data!M54 -> 4.3213997 | L8: =Data!N54 -> 4.4312588 | N8: =N7 -> 100 | O8: 5
A11: Turn | C11: Deck types | D11: Card draw | M11: Deck types | O11: Turn | P11: Notes
C12: Commander with draw | D12: 7 | E12: 8 | F12: 9 | G12: 10 | H12: 11 | I12: 12 | J12: 13 | K12: 14 | L12: 15 | M12: Combo | P12: Burst draw (Treasure Cruise) Card advantage (Phyrexian Arena)
B13: At least 1 by turn X | C13: Aggro | D13: Average number drawn | M13: Control | N13: At least 1 by turn X
A14: 1 | B14: =SUM(Data!P2:P9)*100 -> 45.630597 | D14: =Data!P10 -> 0.56565657 | E14: =Data!Q10 -> 0.64646465 | F14: =Data!R10 -> 0.72727273 | G14: =Data!S10 -> 0.80808081 | H14: =Data!T10 -> 0.88888889 | I14: =Data!U10 -> 0.96969697 | J14: =Data!V10 -> 1.0505051 | K14: =Data!W10 -> 1.1313131 | L14: =Data!X10 -> 1.2121212 | N14: =SUM(Data!X2:X9)*100 -> 74.535674 | O14: 1
A15: 2 | B15: =SUM(Data!P13:P20)*100 -> 49.812859 | D15: =Data!P21 -> 0.63636364 | E15: =Data!Q21 -> 0.72727273 | F15: =Data!R21 -> 0.81818182 | G15: =Data!S21 -> 0.90909091 | H15: =Data!T21 -> 1 | I15: =Data!U21 -> 1.0909091 | J15: =Data!V21 -> 1.1818182 | K15: =Data!W21 -> 1.2727273 | L15: =Data!X21 -> 1.3636363 | N15: =SUM(Data!X13:X20)*100 -> 78.73309 | O15: 2
A16: 3 | B16: =SUM(Data!P24:P31)*100 -> 53.716303 | D16: =Data!P32 -> 0.70707071 | E16: =Data!Q32 -> 0.80808081 | F16: =Data!R32 -> 0.90909091 | G16: =Data!S32 -> 1.010101 | H16: =Data!T32 -> 1.1111111 | I16: =Data!U32 -> 1.2121212 | J16: =Data!V32 -> 1.3131313 | K16: =Data!W32 -> 1.4141413 | L16: =Data!X32 -> 1.5151513 | N16: =SUM(Data!X24:X31)*100 -> 82.277573 | O16: 3
A17: 4 | B17: =SUM(Data!P35:P42)*100 -> 57.356594 | D17: =Data!P43 -> 0.77777778 | E17: =Data!Q43 -> 0.88888889 | F17: =Data!R43 -> 1 | G17: =Data!S43 -> 1.1111111 | H17: =Data!T43 -> 1.2222222 | I17: =Data!U43 -> 1.3333333 | J17: =Data!V43 -> 1.4444443 | K17: =Data!W43 -> 1.555555 | L17: =Data!X43 -> 1.6666654 | N17: =SUM(Data!X35:X42)*100 -> 85.264487 | O17: 4
A18: 5 | B18: =SUM(Data!P46:P53)*100 -> 60.748683 | D18: =Data!P54 -> 0.84848485 | E18: =Data!Q54 -> 0.96969697 | F18: =Data!R54 -> 1.0909091 | G18: =Data!S54 -> 1.2121212 | H18: =Data!T54 -> 1.3333333 | I18: =Data!U54 -> 1.4545452 | J18: =Data!V54 -> 1.5757569 | K18: =Data!W54 -> 1.6969677 | L18: =Data!X54 -> 1.8181771 | N18: =SUM(Data!X46:X53)*100 -> 87.776181 | O18: 5
A21: Turn | C21: Deck types | D21: Single target removal | M21: Deck types | O21: Turn | P21: Notes
C22: Commander with removal | D22: 7 | E22: 8 | F22: 9 | G22: 10 | H22: 11 | I22: 12 | J22: 13 | K22: 14 | L22: 15 | M22: Weak to one card type | P22: 1:1 (Path to Exile) 2:1 or 3:1 (Soul Shatter) Counterspells (also 1:1)
B23: At least 1 by turn X | C23: Combo | D23: Average number drawn | M23: Control | N23: At least 1 by turn X
A24: 1 | B24: =SUM(Data!Z2:Z9)*100 -> 45.630597 | D24: =Data!Z10 -> 0.56565657 | E24: =Data!AA10 -> 0.64646465 | F24: =Data!AB10 -> 0.72727273 | G24: =Data!AC10 -> 0.80808081 | H24: =Data!AD10 -> 0.88888889 | I24: =Data!AE10 -> 0.96969697 | J24: =Data!AF10 -> 1.0505051 | K24: =Data!AG10 -> 1.1313131 | L24: =Data!AH10 -> 1.2121212 | N24: =SUM(Data!AH2:AH9)*100 -> 74.535674 | O24: 1
A25: 2 | B25: =SUM(Data!Z13:Z20)*100 -> 49.812859 | D25: =Data!Z21 -> 0.63636364 | E25: =Data!AA21 -> 0.72727273 | F25: =Data!AB21 -> 0.81818182 | G25: =Data!AC21 -> 0.90909091 | H25: =Data!AD21 -> 1 | I25: =Data!AE21 -> 1.0909091 | J25: =Data!AF21 -> 1.1818182 | K25: =Data!AG21 -> 1.2727273 | L25: =Data!AH21 -> 1.3636363 | N25: =SUM(Data!AH13:AH20)*100 -> 78.73309 | O25: 2
A26: 3 | B26: =SUM(Data!Z24:Z31)*100 -> 53.716303 | D26: =Data!Z32 -> 0.70707071 | E26: =Data!AA32 -> 0.80808081 | F26: =Data!AB32 -> 0.90909091 | G26: =Data!AC32 -> 1.010101 | H26: =Data!AD32 -> 1.1111111 | I26: =Data!AE32 -> 1.2121212 | J26: =Data!AF32 -> 1.3131313 | K26: =Data!AG32 -> 1.4141413 | L26: =Data!AH32 -> 1.5151513 | N26: =SUM(Data!AH24:AH31)*100 -> 82.277573 | O26: 3
A27: 4 | B27: =SUM(Data!Z35:Z42)*100 -> 57.356594 | D27: =Data!Z43 -> 0.77777778 | E27: =Data!AA43 -> 0.88888889 | F27: =Data!AB43 -> 1 | G27: =Data!AC43 -> 1.1111111 | H27: =Data!AD43 -> 1.2222222 | I27: =Data!AE43 -> 1.3333333 | J27: =Data!AF43 -> 1.4444443 | K27: =Data!AG43 -> 1.555555 | L27: =Data!AH43 -> 1.6666654 | N27: =SUM(Data!AH35:AH42)*100 -> 85.264487 | O27: 4
A28: 5 | B28: =SUM(Data!Z46:Z53)*100 -> 60.748683 | D28: =Data!Z54 -> 0.84848485 | E28: =Data!AA54 -> 0.96969697 | F28: =Data!AB54 -> 1.0909091 | G28: =Data!AC54 -> 1.2121212 | H28: =Data!AD54 -> 1.3333333 | I28: =Data!AE54 -> 1.4545452 | J28: =Data!AF54 -> 1.5757569 | K28: =Data!AG54 -> 1.6969677 | L28: =Data!AH54 -> 1.8181771 | N28: =SUM(Data!AH46:AH53)*100 -> 87.776181 | O28: 5
A31: Turn | C31: Deck types | D31: Board wipes | M31: Deck types | O31: Turn | P31: Notes
C32: Creature deck | D32: 0 | E32: 1 | F32: 2 | G32: 3 | H32: 4 | I32: 5 | J32: 6 | K32: 7 | L32: 8 | M32: Control | P32: Bane of Progress is a board wipe too e.g. no artifacts in your deck = artifact wipe
B33: At least 1 by turn X | C33: Aggro | D33: Average number drawn | N33: At least 1 by turn X
A34: 1 | B34: =SUM(Data!AJ2:AJ9)*100 -> 0 | D34: =Data!AJ10 -> 0 | E34: =Data!AK10 -> 0.080808081 | F34: =Data!AL10 -> 0.16161616 | G34: =Data!AM10 -> 0.24242424 | H34: =Data!AN10 -> 0.32323232 | I34: =Data!AO10 -> 0.4040404 | J34: =Data!AP10 -> 0.48484848 | K34: =Data!AQ10 -> 0.56565657 | L34: =Data!AR10 -> 0.64646465 | N34: =SUM(Data!AR2:AR9)*100 -> 50.358371 | O34: 1
A35: 2 | B35: =SUM(Data!AJ13:AJ20)*100 -> 0 | D35: =Data!AJ21 -> 0 | E35: =Data!AK21 -> 0.090909091 | F35: =Data!AL21 -> 0.18181818 | G35: =Data!AM21 -> 0.27272727 | H35: =Data!AN21 -> 0.36363636 | I35: =Data!AO21 -> 0.45454545 | J35: =Data!AP21 -> 0.54545455 | K35: =Data!AQ21 -> 0.63636364 | L35: =Data!AR21 -> 0.72727273 | N35: =SUM(Data!AR13:AR20)*100 -> 54.72247 | O35: 2
A36: 3 | B36: =SUM(Data!AJ24:AJ31)*100 -> 0 | D36: =Data!AJ232 -> 0 | E36: =Data!AK232 -> 0 | F36: =Data!AL232 -> 0 | G36: =Data!AM232 -> 0 | H36: =Data!AN232 -> 0 | I36: =Data!AO232 -> 0 | J36: =Data!AP232 -> 0 | K36: =Data!AQ232 -> 0 | L36: =Data!AR232 -> 0 | N36: =SUM(Data!AR24:AR31)*100 -> 58.74714 | O36: 3
A37: 4 | B37: =SUM(Data!AJ35:AJ42)*100 -> 0 | D37: =Data!AJ43 -> 0 | E37: =Data!AK43 -> 0.11111111 | F37: =Data!AL43 -> 0.22222222 | G37: =Data!AM43 -> 0.33333333 | H37: =Data!AN43 -> 0.44444444 | I37: =Data!AO43 -> 0.55555556 | J37: =Data!AP43 -> 0.66666667 | K37: =Data!AQ43 -> 0.77777778 | L37: =Data!AR43 -> 0.88888889 | N37: =SUM(Data!AR35:AR42)*100 -> 62.455262 | O37: 4
A38: 5 | B38: =SUM(Data!AJ46:AJ53)*100 -> 0 | D38: =Data!AJ54 -> 0 | E38: =Data!AK54 -> 0.12121212 | F38: =Data!AL54 -> 0.24242424 | G38: =Data!AM54 -> 0.36363636 | H38: =Data!AN54 -> 0.48484848 | I38: =Data!AO54 -> 0.60606061 | J38: =Data!AP54 -> 0.72727273 | K38: =Data!AQ54 -> 0.84848485 | L38: =Data!AR54 -> 0.96969697 | N38: =SUM(Data!AR46:AR53)*100 -> 65.86842 | O38: 5
A41: Turn | C41: Deck types | D41: Ramp | M41: Deck types | O41: Turn | P41: Notes
C42: Low curve | D42: 9 | E42: 10 | F42: 11 | G42: 12 | H42: 13 | I42: 14 | J42: 15 | K42: 16 | L42: 17 | M42: Landfall | P42: PERMANENT source of mana Dark Ritual, Jeweled Lotus are not ramp Extra land drops (Exploration, Burgeoning) Mana rocks (Sol Ring) Mana dorks (Birds of Paradise)
B43: At least 1 by turn X | C43: Aggro | D43: Average number drawn | M43: High curve | N43: At least 1 by turn X
A44: 1 | B44: =SUM(Data!AT2:AT9)*100 -> 54.72247 | D44: =Data!AT10 -> 0.72727273 | E44: =Data!AU10 -> 0.80808081 | F44: =Data!AV10 -> 0.88888889 | G44: =Data!AW10 -> 0.96969697 | H44: =Data!AX10 -> 1.0505051 | I44: =Data!AY10 -> 1.1313131 | J44: =Data!AZ10 -> 1.2121212 | K44: =Data!BA10 -> 1.2929293 | L44: =Data!BB10 -> 1.3737374 | N44: =SUM(Data!BB2:BB9)*100 -> 79.181489 | O44: 1
A45: 2 | B45: =SUM(Data!AT13:AT20)*100 -> 59.200468 | D45: =Data!AT21 -> 0.81818182 | E45: =Data!AU21 -> 0.90909091 | F45: =Data!AV21 -> 1 | G45: =Data!AW21 -> 1.0909091 | H45: =Data!AX21 -> 1.1818182 | I45: =Data!AY21 -> 1.2727273 | J45: =Data!AZ21 -> 1.3636363 | K45: =Data!BA21 -> 1.4545454 | L45: =Data!BB21 -> 1.5454544 | N45: =SUM(Data!BB13:BB20)*100 -> 83.07066 | O45: 2
A46: 3 | B46: =SUM(Data!AT24:AT31)*100 -> 63.280421 | D46: =Data!AT32 -> 0.90909091 | E46: =Data!AU32 -> 1.010101 | F46: =Data!AV32 -> 1.1111111 | G46: =Data!AW32 -> 1.2121212 | H46: =Data!AX32 -> 1.3131313 | I46: =Data!AY32 -> 1.4141413 | J46: =Data!AZ32 -> 1.5151513 | K46: =Data!BA32 -> 1.6161611 | L46: =Data!BB32 -> 1.7171706 | N46: =SUM(Data!BB24:BB31)*100 -> 86.268413 | O46: 3
A47: 4 | B47: =SUM(Data!AT35:AT42)*100 -> 66.993637 | D47: =Data!AT43 -> 1 | E47: =Data!AU43 -> 1.1111111 | F47: =Data!AV43 -> 1.2222222 | G47: =Data!AW43 -> 1.3333333 | H47: =Data!AX43 -> 1.4444443 | I47: =Data!AY43 -> 1.555555 | J47: =Data!AZ43 -> 1.6666654 | K47: =Data!BA43 -> 1.7777749 | L47: =Data!BB43 -> 1.888883 | N47: =SUM(Data!BB35:BB42)*100 -> 88.891245 | O47: 4
A48: 5 | B48: =SUM(Data!AT46:AT53)*100 -> 70.369288 | D48: =Data!AT54 -> 1.0909091 | E48: =Data!AU54 -> 1.2121212 | F48: =Data!AV54 -> 1.3333333 | G48: =Data!AW54 -> 1.4545452 | H48: =Data!AX54 -> 1.5757569 | I48: =Data!AY54 -> 1.6969677 | J48: =Data!AZ54 -> 1.8181771 | K48: =Data!BA54 -> 1.9393834 | L48: =Data!BB54 -> 2.0605844 | N48: =SUM(Data!BB46:BB53)*100 -> 91.037067 | O48: 5
D51: Win cons | P51: Notes
D52: ±3 win cons | P52: Win con: card A + card B = win Infinites (Sanguine Bond + Exquisite Blood) Doubling Season + planeswalker ultimate Omniscience + Enter the Infinite Single-card win cons like Expropriate A CLEAR way to win. Combat damage is NOT a win con, except things like a 50/50 trampler or 100 1/1 tokens Not too many win cons, otherwise too many combo pieces that do nothing alone clog your hand Card advantage is ONLY a win con if it can stop opposing win cons

Sheet Land Types
A1: Land type | B1: Price | C1: Tapped? | D1: Basic type? | E1: Note
A2: Pain | B2: Low | C2: No | D2: No | E2: Good budget option, self damage
A3: Shock | B3: High | C3: No | D3: Yes | E3: Better pain lands, expensive, basic types, best lands
A4: Fetch | B4: Very high | C4: No | D4: No | E4: Best lands, very expensive
A5: Filter | B5: Very low - low | C5: No | D5: No | E5: Two kinds: - any mana to two colors (e.g. Skycloud Expanse) - colored to two colors (e.g. Fetid Heath) Good budget option, a bit clunky
A6: Scry (Temples) | B6: Very low | C6: Yes | D6: No | E6: Best slow lands
A7: Battle | B7: Low | C7: Maybe | D7: Yes | E7: Basic types (Skyshroud Claim)
A8: Check | B8: Medium | C8: Maybe | D8: No | E8: Very good in 2 or 3 colors
A9: Bicycle | B9: Medium | C9: Yes | D9: No | E9: Two colors, cycling for 2 colorless Slow, but easy to cycle in the late game
A10: Bond | B10: Medium - high | C10: Maybe | D10: No | E10: Checks for two opponents. In Commander almost as good as a shock land, great
A11: Pathway | B11: Low - high | C11: No | D11: No | E11: Very good especially in fewer colors
A12: Slow | B12: Medium - high | C12: Maybe | D12: No | E12: Untapped from your third land on. Great for colors you only need later
A13: Tricycle | B13: Medium - very high | C13: Yes | D13: Yes | E13: Basic types, cycling 3, enters tapped but very good in 4 to 5 colors

Sheet Mana Curve
A1: Analysis of cEDH decks:
A2: Mana value | B2: Number of cards | C2: Note
A3: 0 | B3: 1.9 | C3: Mostly ramp or one-mana removal
A4: 1 | B4: 12.9
A5: 2 | B5: 16.2 | C5: Ramp, creatures, key spells
A6: 3 | B6: 16.7 | C6: From here, casting two spells a turn gets hard
A7: 4 | B7: 9.5 | C7: Strong effects, two spells a turn very unlikely These cards must be WORTH a whole turn
A8: 5 | B8: 4.4 | C8: See mana value 4. Fewer expensive cards mean fewer mulligans + cards you cannot cast do nothing
A9: 6 | B9: 3.2 | C9: See above. Hands with too many expensive cards are a big drawback from here and mana value 5 on: win con territory. A strong effect that wins
A10: 7+ | B10: 1.9 | C10: Expropriate etc. win cons, ETBs that turn the game around
A13: Notes:
A14: Lower the mana curve where possible: more cards played = more effects = higher win rate, e.g. Nature's Claim vs. Krosan Grip Cards like Dig Through Time rarely cost their printed mana value = count them in a lower slot Decks with big effects are more expensive than those without. Only a guide, not a rule. Make sure the deck does not get too top-heavy Casual groups: MUCH more casual than cEDH, the mana curve does not need to be hyper-optimized. More flavor, less 5-color goodstuff

Sheet Deck 1 - Superfriends
A1: Card role | B1: Count | C1: Reason | D1: Note
A2: Land | B2: 34 | C2: Fairly standard | D2: 31 lands + 3 MDFCs
A3: Draw | B3: 10 | C3: Find the win con; planeswalkers are gone without a board wipe | D3: Could be fewer, Prismatic Bridge "draws" cards
A4: Single target removal | B4: 10 | C4: Trample and flying are a problem, mostly creature removal
A5: Board wipes | B5: 10 | C5: Planeswalkers survive wipes, so they are one-sided wipes | D5: Maybe 1 or 2 more
A6: Ramp | B6: 12 | C6: Mostly color fixing, almost only enchantments, hardly any artifacts or creatures
A8: Win cons | C8: Doubling Season + Dreadhorde General | D8: More win cons because every piece also works on its own Commander + ONE more card is a very good win con
C9: Doubling Season + Nicol Bolas, Dragon-God
C10: Doubling Season + Nicol Bolas, God-Pharaoh
C11: Doubling Season + Chandra, Torch of Defiance
C12: Jokulhaups + Prismatic Bridge
C13: Obliterate + Prismatic Bridge
A15: Rest | C15: Supports the game plan, prevents attacks or speeds up ultimates | D15: Evolution Sage, Sublime Artificier, Dueling Grounds Pramikon, Sphere of Safety, Blind Obedience

Sheet Data
A1: 0 | B1: =_xlfn.HYPGEOM.DIST(A1,'Hypergeometric Calculator'!C$3,'Hypergeometric Calculator'!C$4,'Hypergeometric Calculator'!C$2,FALSE) -> 0.22728232 | C1: 8 | F1: =_xlfn.HYPGEOM.DIST($A1,$C$1,'Benchmarks by Card Role'!D$2,99,FALSE) -> 0.055141959 | G1: =_xlfn.HYPGEOM.DIST($A1,$C$1,'Benchmarks by Card Role'!E$2,99,FALSE) -> 0.048840021 | H1: =_xlfn.HYPGEOM.DIST($A1,$C$1,'Benchmarks by Card Role'!F$2,99,FALSE) -> 0.04317741 | I1: =_xlfn.HYPGEOM.DIST($A1,$C$1,'Benchmarks by Card Role'!G$2,99,FALSE) -> 0.038097714 | J1: =_xlfn.HYPGEOM.DIST($A1,$C$1,'Benchmarks by Card Role'!H$2,99,FALSE) -> 0.033548734 | K1: =_xlfn.HYPGEOM.DIST($A1,$C$1,'Benchmarks by Card Role'!I$2,99,FALSE) -> 0.02948222 | L1: =_xlfn.HYPGEOM.DIST($A1,$C$1,'Benchmarks by Card Role'!J$2,99,FALSE) -> 0.025853639 | M1: =_xlfn.HYPGEOM.DIST($A1,$C$1,'Benchmarks by Card Role'!K$2,99,FALSE) -> 0.022621934 | N1: =_xlfn.HYPGEOM.DIST($A1,$C$1,'Benchmarks by Card Role'!L$2,99,FALSE) -> 0.019749308 | P1: =_xlfn.HYPGEOM.DIST($A1,$C$1,'Benchmarks by Card Role'!D$12,99,FALSE) -> 0.54369403 | Q1: =_xlfn.HYPGEOM.DIST($A1,$C$1,'Benchmarks by Card Role'!E$12,99,FALSE) -> 0.49641629 | R1: =_xlfn.HYPGEOM.DIST($A1,$C$1,'Benchmarks by Card Role'!F$12,99,FALSE) -> 0.4527753 | S1: =_xlfn.HYPGEOM.DIST($A1,$C$1,'Benchmarks by Card Role'!G$12,99,FALSE) -> 0.4125286 | T1: =_xlfn.HYPGEOM.DIST($A1,$C$1,'Benchmarks by Card Role'!H$12,99,FALSE) -> 0.37544738 | U1: =_xlfn.HYPGEOM.DIST($A1,$C$1,'Benchmarks by Card Role'!I$12,99,FALSE) -> 0.3413158 | V1: =_xlfn.HYPGEOM.DIST($A1,$C$1,'Benchmarks by Card Role'!J$12,99,FALSE) -> 0.30993044 | W1: =_xlfn.HYPGEOM.DIST($A1,$C$1,'Benchmarks by Card Role'!K$12,99,FALSE) -> 0.2810997 | X1: =_xlfn.HYPGEOM.DIST($A1,$C$1,'Benchmarks by Card Role'!L$12,99,FALSE) -> 0.25464326 | Z1: =_xlfn.HYPGEOM.DIST($A1,$C$1,'Benchmarks by Card Role'!D$22,99,FALSE) -> 0.54369403 | AA1: =_xlfn.HYPGEOM.DIST($A1,$C$1,'Benchmarks by Card Role'!E$22,99,FALSE) -> 0.49641629 | AB1: =_xlfn.HYPGEOM.DIST($A1,$C$1,'Benchmarks by Card Role'!F$22,99,FALSE) -> 0.4527753 | AC1: =_xlfn.HYPGEOM.DIST($A1,$C$1,'Benchmarks by Card Role'!G$22,99,FALSE) -> 0.4125286 | AD1: =_xlfn.HYPGEOM.DIST($A1,$C$1,'Benchmarks by Card Role'!H$22,99,FALSE) -> 0.37544738 | AE1: =_xlfn.HYPGEOM.DIST($A1,$C$1,'Benchmarks by Card Role'!I$22,99,FALSE) -> 0.3413158 | AF1: =_xlfn.HYPGEOM.DIST($A1,$C$1,'Benchmarks by Card Role'!J$22,99,FALSE) -> 0.30993044 | AG1: =_xlfn.HYPGEOM.DIST($A1,$C$1,'Benchmarks by Card Role'!K$22,99,FALSE) -> 0.2810997 | AH1: =_xlfn.HYPGEOM.DIST($A1,$C$1,'Benchmarks by Card Role'!L$22,99,FALSE) -> 0.25464326 | AJ1: =_xlfn.HYPGEOM.DIST($A1,$C$1,'Benchmarks by Card Role'!D$32,99,FALSE) -> 1 | AK1: =_xlfn.HYPGEOM.DIST($A1,$C$1,'Benchmarks by Card Role'!E$32,99,FALSE) -> 0.91919192 | AL1: =_xlfn.HYPGEOM.DIST($A1,$C$1,'Benchmarks by Card Role'!F$32,99,FALSE) -> 0.84415584 | AM1: =_xlfn.HYPGEOM.DIST($A1,$C$1,'Benchmarks by Card Role'!G$32,99,FALSE) -> 0.77453474 | AN1: =_xlfn.HYPGEOM.DIST($A1,$C$1,'Benchmarks by Card Role'!H$32,99,FALSE) -> 0.70999018 | AO1: =_xlfn.HYPGEOM.DIST($A1,$C$1,'Benchmarks by Card Role'!I$32,99,FALSE) -> 0.65020153 | AP1: =_xlfn.HYPGEOM.DIST($A1,$C$1,'Benchmarks by Card Role'!J$32,99,FALSE) -> 0.59486523 | AQ1: =_xlfn.HYPGEOM.DIST($A1,$C$1,'Benchmarks by Card Role'!K$32,99,FALSE) -> 0.54369403 | AR1: =_xlfn.HYPGEOM.DIST($A1,$C$1,'Benchmarks by Card Role'!L$32,99,FALSE) -> 0.49641629 | AT1: =_xlfn.HYPGEOM.DIST($A1,$C$1,'Benchmarks by Card Role'!D$42,99,FALSE) -> 0.4527753 | AU1: =_xlfn.HYPGEOM.DIST($A1,$C$1,'Benchmarks by Card Role'!E$42,99,FALSE) -> 0.4125286 | AV1: =_xlfn.HYPGEOM.DIST($A1,$C$1,'Benchmarks by Card Role'!F$42,99,FALSE) -> 0.37544738 | AW1: =_xlfn.HYPGEOM.DIST($A1,$C$1,'Benchmarks by Card Role'!G$42,99,FALSE) -> 0.3413158 | AX1: =_xlfn.HYPGEOM.DIST($A1,$C$1,'Benchmarks by Card Role'!H$42,99,FALSE) -> 0.30993044 | AY1: =_xlfn.HYPGEOM.DIST($A1,$C$1,'Benchmarks by Card Role'!I$42,99,FALSE) -> 0.2810997 | AZ1: =_xlfn.HYPGEOM.DIST($A1,$C$1,'Benchmarks by Card Role'!J$42,99,FALSE) -> 0.25464326 | BA1: =_xlfn.HYPGEOM.DIST($A1,$C$1,'Benchmarks by Card Role'!K$42,99,FALSE) -> 0.23039152 | BB1: =_xlfn.HYPGEOM.DIST($A1,$C$1,'Benchmarks by Card Role'!L$42,99,FALSE) -> 0.20818511
A2: 1 | B2: =_xlfn.HYPGEOM.DIST(A2,'Hypergeometric Calculator'!C$3,'Hypergeometric Calculator'!C$4,'Hypergeometric Calculator'!C$2,FALSE) -> 0.3837234 | C2: 9 | F2: =_xlfn.HYPGEOM.DIST($A2,$C$1,'Benchmarks by Card Role'!D$2,99,FALSE) -> 0.20306245 | G2: =_xlfn.HYPGEOM.DIST($A2,$C$1,'Benchmarks by Card Role'!E$2,99,FALSE) -> 0.18905814 | H2: =_xlfn.HYPGEOM.DIST($A2,$C$1,'Benchmarks by Card Role'!F$2,99,FALSE) -> 0.17554094 | I2: =_xlfn.HYPGEOM.DIST($A2,$C$1,'Benchmarks by Card Role'!G$2,99,FALSE) -> 0.16255025 | J2: =_xlfn.HYPGEOM.DIST($A2,$C$1,'Benchmarks by Card Role'!H$2,99,FALSE) -> 0.15011637 | K2: =_xlfn.HYPGEOM.DIST($A2,$C$1,'Benchmarks by Card Role'!I$2,99,FALSE) -> 0.13826145 | L2: =_xlfn.HYPGEOM.DIST($A2,$C$1,'Benchmarks by Card Role'!J$2,99,FALSE) -> 0.12700033 | M2: =_xlfn.HYPGEOM.DIST($A2,$C$1,'Benchmarks by Card Role'!K$2,99,FALSE) -> 0.11634138 | N2: =_xlfn.HYPGEOM.DIST($A2,$C$1,'Benchmarks by Card Role'!L$2,99,FALSE) -> 0.10628718 | P2: =_xlfn.HYPGEOM.DIST($A2,$C$1,'Benchmarks by Card Role'!D$12,99,FALSE) -> 0.35819842 | Q2: =_xlfn.HYPGEOM.DIST($A2,$C$1,'Benchmarks by Card Role'!E$12,99,FALSE) -> 0.37822193 | R2: =_xlfn.HYPGEOM.DIST($A2,$C$1,'Benchmarks by Card Role'!F$12,99,FALSE) -> 0.39276893 | S2: =_xlfn.HYPGEOM.DIST($A2,$C$1,'Benchmarks by Card Role'!G$12,99,FALSE) -> 0.40246693 | T2: =_xlfn.HYPGEOM.DIST($A2,$C$1,'Benchmarks by Card Role'!H$12,99,FALSE) -> 0.40789345 | U2: =_xlfn.HYPGEOM.DIST($A2,$C$1,'Benchmarks by Card Role'!I$12,99,FALSE) -> 0.40957896 | V2: =_xlfn.HYPGEOM.DIST($A2,$C$1,'Benchmarks by Card Role'!J$12,99,FALSE) -> 0.40800969 | W2: =_xlfn.HYPGEOM.DIST($A2,$C$1,'Benchmarks by Card Role'!K$12,99,FALSE) -> 0.40363034 | X2: =_xlfn.HYPGEOM.DIST($A2,$C$1,'Benchmarks by Card Role'!L$12,99,FALSE) -> 0.39684664 | Z2: =_xlfn.HYPGEOM.DIST($A2,$C$1,'Benchmarks by Card Role'!D$22,99,FALSE) -> 0.35819842 | AA2: =_xlfn.HYPGEOM.DIST($A2,$C$1,'Benchmarks by Card Role'!E$22,99,FALSE) -> 0.37822193 | AB2: =_xlfn.HYPGEOM.DIST($A2,$C$1,'Benchmarks by Card Role'!F$22,99,FALSE) -> 0.39276893 | AC2: =_xlfn.HYPGEOM.DIST($A2,$C$1,'Benchmarks by Card Role'!G$22,99,FALSE) -> 0.40246693 | AD2: =_xlfn.HYPGEOM.DIST($A2,$C$1,'Benchmarks by Card Role'!H$22,99,FALSE) -> 0.40789345 | AE2: =_xlfn.HYPGEOM.DIST($A2,$C$1,'Benchmarks by Card Role'!I$22,99,FALSE) -> 0.40957896 | AF2: =_xlfn.HYPGEOM.DIST($A2,$C$1,'Benchmarks by Card Role'!J$22,99,FALSE) -> 0.40800969 | AG2: =_xlfn.HYPGEOM.DIST($A2,$C$1,'Benchmarks by Card Role'!K$22,99,FALSE) -> 0.40363034 | AH2: =_xlfn.HYPGEOM.DIST($A2,$C$1,'Benchmarks by Card Role'!L$22,99,FALSE) -> 0.39684664 | AJ2: =_xlfn.HYPGEOM.DIST($A2,$C$1,'Benchmarks by Card Role'!D$32,99,FALSE) -> 0 | AK2: =_xlfn.HYPGEOM.DIST($A2,$C$1,'Benchmarks by Card Role'!E$32,99,FALSE) -> 0.080808081 | AL2: =_xlfn.HYPGEOM.DIST($A2,$C$1,'Benchmarks by Card Role'!F$32,99,FALSE) -> 0.15007215 | AM2: =_xlfn.HYPGEOM.DIST($A2,$C$1,'Benchmarks by Card Role'!G$32,99,FALSE) -> 0.2088633 | AN2: =_xlfn.HYPGEOM.DIST($A2,$C$1,'Benchmarks by Card Role'!H$32,99,FALSE) -> 0.25817825 | AO2: =_xlfn.HYPGEOM.DIST($A2,$C$1,'Benchmarks by Card Role'!I$32,99,FALSE) -> 0.29894323 | AP2: =_xlfn.HYPGEOM.DIST($A2,$C$1,'Benchmarks by Card Role'!J$32,99,FALSE) -> 0.3320178 | AQ2: =_xlfn.HYPGEOM.DIST($A2,$C$1,'Benchmarks by Card Role'!K$32,99,FALSE) -> 0.35819842 | AR2: =_xlfn.HYPGEOM.DIST($A2,$C$1,'Benchmarks by Card Role'!L$32,99,FALSE) -> 0.37822193 | AT2: =_xlfn.HYPGEOM.DIST($A2,$C$1,'Benchmarks by Card Role'!D$42,99,FALSE) -> 0.39276893 | AU2: =_xlfn.HYPGEOM.DIST($A2,$C$1,'Benchmarks by Card Role'!E$42,99,FALSE) -> 0.40246693 | AV2: =_xlfn.HYPGEOM.DIST($A2,$C$1,'Benchmarks by Card Role'!F$42,99,FALSE) -> 0.40789345 | AW2: =_xlfn.HYPGEOM.DIST($A2,$C$1,'Benchmarks by Card Role'!G$42,99,FALSE) -> 0.40957896 | AX2: =_xlfn.HYPGEOM.DIST($A2,$C$1,'Benchmarks by Card Role'!H$42,99,FALSE) -> 0.40800969 | AY2: =_xlfn.HYPGEOM.DIST($A2,$C$1,'Benchmarks by Card Role'!I$42,99,FALSE) -> 0.40363034 | AZ2: =_xlfn.HYPGEOM.DIST($A2,$C$1,'Benchmarks by Card Role'!J$42,99,FALSE) -> 0.39684664 | BA2: =_xlfn.HYPGEOM.DIST($A2,$C$1,'Benchmarks by Card Role'!K$42,99,FALSE) -> 0.38802782 | BB2: =_xlfn.HYPGEOM.DIST($A2,$C$1,'Benchmarks by Card Role'!L$42,99,FALSE) -> 0.377509
A3: 2 | B3: =_xlfn.HYPGEOM.DIST(A3,'Hypergeometric Calculator'!C$3,'Hypergeometric Calculator'!C$4,'Hypergeometric Calculator'!C$2,FALSE) -> 0.26565466 | C3: 10 | F3: =_xlfn.HYPGEOM.DIST($A3,$C$1,'Benchmarks by Card Role'!D$2,99,FALSE) -> 0.31093938 | G3: =_xlfn.HYPGEOM.DIST($A3,$C$1,'Benchmarks by Card Role'!E$2,99,FALSE) -> 0.30459368 | H3: =_xlfn.HYPGEOM.DIST($A3,$C$1,'Benchmarks by Card Role'!F$2,99,FALSE) -> 0.29728708 | I3: =_xlfn.HYPGEOM.DIST($A3,$C$1,'Benchmarks by Card Role'!G$2,99,FALSE) -> 0.28912626 | J3: =_xlfn.HYPGEOM.DIST($A3,$C$1,'Benchmarks by Card Role'!H$2,99,FALSE) -> 0.28021722 | K3: =_xlfn.HYPGEOM.DIST($A3,$C$1,'Benchmarks by Card Role'!I$2,99,FALSE) -> 0.27066436 | L3: =_xlfn.HYPGEOM.DIST($A3,$C$1,'Benchmarks by Card Role'!J$2,99,FALSE) -> 0.26056965 | M3: =_xlfn.HYPGEOM.DIST($A3,$C$1,'Benchmarks by Card Role'!K$2,99,FALSE) -> 0.25003191 | N3: =_xlfn.HYPGEOM.DIST($A3,$C$1,'Benchmarks by Card Role'!L$2,99,FALSE) -> 0.23914616 | P3: =_xlfn.HYPGEOM.DIST($A3,$C$1,'Benchmarks by Card Role'!D$12,99,FALSE) -> 0.087467056 | Q3: =_xlfn.HYPGEOM.DIST($A3,$C$1,'Benchmarks by Card Role'!E$12,99,FALSE) -> 0.10901691 | R3: =_xlfn.HYPGEOM.DIST($A3,$C$1,'Benchmarks by Card Role'!F$12,99,FALSE) -> 0.13092298 | S3: =_xlfn.HYPGEOM.DIST($A3,$C$1,'Benchmarks by Card Role'!G$12,99,FALSE) -> 0.15274347 | T3: =_xlfn.HYPGEOM.DIST($A3,$C$1,'Benchmarks by Card Role'!H$12,99,FALSE) -> 0.17410086 | U3: =_xlfn.HYPGEOM.DIST($A3,$C$1,'Benchmarks by Card Role'!I$12,99,FALSE) -> 0.19467642 | V3: =_xlfn.HYPGEOM.DIST($A3,$C$1,'Benchmarks by Card Role'!J$12,99,FALSE) -> 0.21420509 | W3: =_xlfn.HYPGEOM.DIST($A3,$C$1,'Benchmarks by Card Role'!K$12,99,FALSE) -> 0.23247064 | X3: =_xlfn.HYPGEOM.DIST($A3,$C$1,'Benchmarks by Card Role'!L$12,99,FALSE) -> 0.24930109 | Z3: =_xlfn.HYPGEOM.DIST($A3,$C$1,'Benchmarks by Card Role'!D$22,99,FALSE) -> 0.087467056 | AA3: =_xlfn.HYPGEOM.DIST($A3,$C$1,'Benchmarks by Card Role'!E$22,99,FALSE) -> 0.10901691 | AB3: =_xlfn.HYPGEOM.DIST($A3,$C$1,'Benchmarks by Card Role'!F$22,99,FALSE) -> 0.13092298 | AC3: =_xlfn.HYPGEOM.DIST($A3,$C$1,'Benchmarks by Card Role'!G$22,99,FALSE) -> 0.15274347 | AD3: =_xlfn.HYPGEOM.DIST($A3,$C$1,'Benchmarks by Card Role'!H$22,99,FALSE) -> 0.17410086 | AE3: =_xlfn.HYPGEOM.DIST($A3,$C$1,'Benchmarks by Card Role'!I$22,99,FALSE) -> 0.19467642 | AF3: =_xlfn.HYPGEOM.DIST($A3,$C$1,'Benchmarks by Card Role'!J$22,99,FALSE) -> 0.21420509 | AG3: =_xlfn.HYPGEOM.DIST($A3,$C$1,'Benchmarks by Card Role'!K$22,99,FALSE) -> 0.23247064 | AH3: =_xlfn.HYPGEOM.DIST($A3,$C$1,'Benchmarks by Card Role'!L$22,99,FALSE) -> 0.24930109 | AJ3: =_xlfn.HYPGEOM.DIST($A3,$C$1,'Benchmarks by Card Role'!D$32,99,FALSE) -> 0 | AK3: =_xlfn.HYPGEOM.DIST($A3,$C$1,'Benchmarks by Card Role'!E$32,99,FALSE) -> 0 | AL3: =_xlfn.HYPGEOM.DIST($A3,$C$1,'Benchmarks by Card Role'!F$32,99,FALSE) -> 0.0057720058 | AM3: =_xlfn.HYPGEOM.DIST($A3,$C$1,'Benchmarks by Card Role'!G$32,99,FALSE) -> 0.016244923 | AN3: =_xlfn.HYPGEOM.DIST($A3,$C$1,'Benchmarks by Card Role'!H$32,99,FALSE) -> 0.030459231 | AO3: =_xlfn.HYPGEOM.DIST($A3,$C$1,'Benchmarks by Card Role'!I$32,99,FALSE) -> 0.047559151 | AP3: =_xlfn.HYPGEOM.DIST($A3,$C$1,'Benchmarks by Card Role'!J$32,99,FALSE) -> 0.066785191 | AQ3: =_xlfn.HYPGEOM.DIST($A3,$C$1,'Benchmarks by Card Role'!K$32,99,FALSE) -> 0.087467056 | AR3: =_xlfn.HYPGEOM.DIST($A3,$C$1,'Benchmarks by Card Role'!L$32,99,FALSE) -> 0.10901691 | AT3: =_xlfn.HYPGEOM.DIST($A3,$C$1,'Benchmarks by Card Role'!D$42,99,FALSE) -> 0.13092298 | AU3: =_xlfn.HYPGEOM.DIST($A3,$C$1,'Benchmarks by Card Role'!E$42,99,FALSE) -> 0.15274347 | AV3: =_xlfn.HYPGEOM.DIST($A3,$C$1,'Benchmarks by Card Role'!F$42,99,FALSE) -> 0.17410086 | AW3: =_xlfn.HYPGEOM.DIST($A3,$C$1,'Benchmarks by Card Role'!G$42,99,FALSE) -> 0.19467642 | AX3: =_xlfn.HYPGEOM.DIST($A3,$C$1,'Benchmarks by Card Role'!H$42,99,FALSE) -> 0.21420509 | AY3: =_xlfn.HYPGEOM.DIST($A3,$C$1,'Benchmarks by Card Role'!I$42,99,FALSE) -> 0.23247064 | AZ3: =_xlfn.HYPGEOM.DIST($A3,$C$1,'Benchmarks by Card Role'!J$42,99,FALSE) -> 0.24930109 | BA3: =_xlfn.HYPGEOM.DIST($A3,$C$1,'Benchmarks by Card Role'!K$42,99,FALSE) -> 0.26456442 | BB3: =_xlfn.HYPGEOM.DIST($A3,$C$1,'Benchmarks by Card Role'!L$42,99,FALSE) -> 0.27816452
A4: 3 | B4: =_xlfn.HYPGEOM.DIST(A4,'Hypergeometric Calculator'!C$3,'Hypergeometric Calculator'!C$4,'Hypergeometric Calculator'!C$2,FALSE) -> 0.098639706 | C4: 11 | F4: =_xlfn.HYPGEOM.DIST($A4,$C$1,'Benchmarks by Card Role'!D$2,99,FALSE) -> 0.25831887 | G4: =_xlfn.HYPGEOM.DIST($A4,$C$1,'Benchmarks by Card Role'!E$2,99,FALSE) -> 0.26651947 | H4: =_xlfn.HYPGEOM.DIST($A4,$C$1,'Benchmarks by Card Role'!F$2,99,FALSE) -> 0.27369287 | I4: =_xlfn.HYPGEOM.DIST($A4,$C$1,'Benchmarks by Card Role'!G$2,99,FALSE) -> 0.27979961 | J4: =_xlfn.HYPGEOM.DIST($A4,$C$1,'Benchmarks by Card Role'!H$2,99,FALSE) -> 0.28481094 | K4: =_xlfn.HYPGEOM.DIST($A4,$C$1,'Benchmarks by Card Role'!I$2,99,FALSE) -> 0.28870865 | L4: =_xlfn.HYPGEOM.DIST($A4,$C$1,'Benchmarks by Card Role'!J$2,99,FALSE) -> 0.29148469 | M4: =_xlfn.HYPGEOM.DIST($A4,$C$1,'Benchmarks by Card Role'!K$2,99,FALSE) -> 0.29314086 | N4: =_xlfn.HYPGEOM.DIST($A4,$C$1,'Benchmarks by Card Role'!L$2,99,FALSE) -> 0.29368827 | P4: =_xlfn.HYPGEOM.DIST($A4,$C$1,'Benchmarks by Card Role'!D$12,99,FALSE) -> 0.010053685 | Q4: =_xlfn.HYPGEOM.DIST($A4,$C$1,'Benchmarks by Card Role'!E$12,99,FALSE) -> 0.015211662 | R4: =_xlfn.HYPGEOM.DIST($A4,$C$1,'Benchmarks by Card Role'!F$12,99,FALSE) -> 0.021563785 | S4: =_xlfn.HYPGEOM.DIST($A4,$C$1,'Benchmarks by Card Role'!G$12,99,FALSE) -> 0.029093995 | T4: =_xlfn.HYPGEOM.DIST($A4,$C$1,'Benchmarks by Card Role'!H$12,99,FALSE) -> 0.037756814 | U4: =_xlfn.HYPGEOM.DIST($A4,$C$1,'Benchmarks by Card Role'!I$12,99,FALSE) -> 0.047482054 | V4: =_xlfn.HYPGEOM.DIST($A4,$C$1,'Benchmarks by Card Role'!J$12,99,FALSE) -> 0.05817916 | W4: =_xlfn.HYPGEOM.DIST($A4,$C$1,'Benchmarks by Card Role'!K$12,99,FALSE) -> 0.069741192 | X4: =_xlfn.HYPGEOM.DIST($A4,$C$1,'Benchmarks by Card Role'!L$12,99,FALSE) -> 0.082048461 | Z4: =_xlfn.HYPGEOM.DIST($A4,$C$1,'Benchmarks by Card Role'!D$22,99,FALSE) -> 0.010053685 | AA4: =_xlfn.HYPGEOM.DIST($A4,$C$1,'Benchmarks by Card Role'!E$22,99,FALSE) -> 0.015211662 | AB4: =_xlfn.HYPGEOM.DIST($A4,$C$1,'Benchmarks by Card Role'!F$22,99,FALSE) -> 0.021563785 | AC4: =_xlfn.HYPGEOM.DIST($A4,$C$1,'Benchmarks by Card Role'!G$22,99,FALSE) -> 0.029093995 | AD4: =_xlfn.HYPGEOM.DIST($A4,$C$1,'Benchmarks by Card Role'!H$22,99,FALSE) -> 0.037756814 | AE4: =_xlfn.HYPGEOM.DIST($A4,$C$1,'Benchmarks by Card Role'!I$22,99,FALSE) -> 0.047482054 | AF4: =_xlfn.HYPGEOM.DIST($A4,$C$1,'Benchmarks by Card Role'!J$22,99,FALSE) -> 0.05817916 | AG4: =_xlfn.HYPGEOM.DIST($A4,$C$1,'Benchmarks by Card Role'!K$22,99,FALSE) -> 0.069741192 | AH4: =_xlfn.HYPGEOM.DIST($A4,$C$1,'Benchmarks by Card Role'!L$22,99,FALSE) -> 0.082048461 | AJ4: =_xlfn.HYPGEOM.DIST($A4,$C$1,'Benchmarks by Card Role'!D$32,99,FALSE) -> 0 | AK4: =_xlfn.HYPGEOM.DIST($A4,$C$1,'Benchmarks by Card Role'!E$32,99,FALSE) -> 0 | AL4: =_xlfn.HYPGEOM.DIST($A4,$C$1,'Benchmarks by Card Role'!F$32,99,FALSE) -> 0 | AM4: =_xlfn.HYPGEOM.DIST($A4,$C$1,'Benchmarks by Card Role'!G$32,99,FALSE) -> 0.00035703128 | AN4: =_xlfn.HYPGEOM.DIST($A4,$C$1,'Benchmarks by Card Role'!H$32,99,FALSE) -> 0.0013537436 | AO4: =_xlfn.HYPGEOM.DIST($A4,$C$1,'Benchmarks by Card Role'!I$32,99,FALSE) -> 0.0032062349 | AP4: =_xlfn.HYPGEOM.DIST($A4,$C$1,'Benchmarks by Card Role'!J$32,99,FALSE) -> 0.006071381 | AQ4: =_xlfn.HYPGEOM.DIST($A4,$C$1,'Benchmarks by Card Role'!K$32,99,FALSE) -> 0.010053685 | AR4: =_xlfn.HYPGEOM.DIST($A4,$C$1,'Benchmarks by Card Role'!L$32,99,FALSE) -> 0.015211662 | AT4: =_xlfn.HYPGEOM.DIST($A4,$C$1,'Benchmarks by Card Role'!D$42,99,FALSE) -> 0.021563785 | AU4: =_xlfn.HYPGEOM.DIST($A4,$C$1,'Benchmarks by Card Role'!E$42,99,FALSE) -> 0.029093995 | AV4: =_xlfn.HYPGEOM.DIST($A4,$C$1,'Benchmarks by Card Role'!F$42,99,FALSE) -> 0.037756814 | AW4: =_xlfn.HYPGEOM.DIST($A4,$C$1,'Benchmarks by Card Role'!G$42,99,FALSE) -> 0.047482054 | AX4: =_xlfn.HYPGEOM.DIST($A4,$C$1,'Benchmarks by Card Role'!H$42,99,FALSE) -> 0.05817916 | AY4: =_xlfn.HYPGEOM.DIST($A4,$C$1,'Benchmarks by Card Role'!I$42,99,FALSE) -> 0.069741192 | AZ4: =_xlfn.HYPGEOM.DIST($A4,$C$1,'Benchmarks by Card Role'!J$42,99,FALSE) -> 0.082048461 | BA4: =_xlfn.HYPGEOM.DIST($A4,$C$1,'Benchmarks by Card Role'!K$42,99,FALSE) -> 0.094971845 | BB4: =_xlfn.HYPGEOM.DIST($A4,$C$1,'Benchmarks by Card Role'!L$42,99,FALSE) -> 0.10837579
A5: 4 | B5: =_xlfn.HYPGEOM.DIST(A5,'Hypergeometric Calculator'!C$3,'Hypergeometric Calculator'!C$4,'Hypergeometric Calculator'!C$2,FALSE) -> 0.021577436 | C5: 12 | F5: =_xlfn.HYPGEOM.DIST($A5,$C$1,'Benchmarks by Card Role'!D$2,99,FALSE) -> 0.12720247 | G5: =_xlfn.HYPGEOM.DIST($A5,$C$1,'Benchmarks by Card Role'!E$2,99,FALSE) -> 0.13838511 | H5: =_xlfn.HYPGEOM.DIST($A5,$C$1,'Benchmarks by Card Role'!F$2,99,FALSE) -> 0.14967579 | I5: =_xlfn.HYPGEOM.DIST($A5,$C$1,'Benchmarks by Card Role'!G$2,99,FALSE) -> 0.16099581 | J5: =_xlfn.HYPGEOM.DIST($A5,$C$1,'Benchmarks by Card Role'!H$2,99,FALSE) -> 0.17226468 | K5: =_xlfn.HYPGEOM.DIST($A5,$C$1,'Benchmarks by Card Role'!I$2,99,FALSE) -> 0.18340099 | L5: =_xlfn.HYPGEOM.DIST($A5,$C$1,'Benchmarks by Card Role'!J$2,99,FALSE) -> 0.19432313 | M5: =_xlfn.HYPGEOM.DIST($A5,$C$1,'Benchmarks by Card Role'!K$2,99,FALSE) -> 0.20495018 | N5: =_xlfn.HYPGEOM.DIST($A5,$C$1,'Benchmarks by Card Role'!L$2,99,FALSE) -> 0.21520261 | P5: =_xlfn.HYPGEOM.DIST($A5,$C$1,'Benchmarks by Card Role'!D$12,99,FALSE) -> 0.00057123208 | Q5: =_xlfn.HYPGEOM.DIST($A5,$C$1,'Benchmarks by Card Role'!E$12,99,FALSE) -> 0.0010927918 | R5: =_xlfn.HYPGEOM.DIST($A5,$C$1,'Benchmarks by Card Role'!F$12,99,FALSE) -> 0.0018805626 | S5: =_xlfn.HYPGEOM.DIST($A5,$C$1,'Benchmarks by Card Role'!G$12,99,FALSE) -> 0.0029949701 | T5: =_xlfn.HYPGEOM.DIST($A5,$C$1,'Benchmarks by Card Role'!H$12,99,FALSE) -> 0.0044948588 | U5: =_xlfn.HYPGEOM.DIST($A5,$C$1,'Benchmarks by Card Role'!I$12,99,FALSE) -> 0.0064358205 | V5: =_xlfn.HYPGEOM.DIST($A5,$C$1,'Benchmarks by Card Role'!J$12,99,FALSE) -> 0.0088687744 | W5: =_xlfn.HYPGEOM.DIST($A5,$C$1,'Benchmarks by Card Role'!K$12,99,FALSE) -> 0.011838783 | X5: =_xlfn.HYPGEOM.DIST($A5,$C$1,'Benchmarks by Card Role'!L$12,99,FALSE) -> 0.015384086 | Z5: =_xlfn.HYPGEOM.DIST($A5,$C$1,'Benchmarks by Card Role'!D$22,99,FALSE) -> 0.00057123208 | AA5: =_xlfn.HYPGEOM.DIST($A5,$C$1,'Benchmarks by Card Role'!E$22,99,FALSE) -> 0.0010927918 | AB5: =_xlfn.HYPGEOM.DIST($A5,$C$1,'Benchmarks by Card Role'!F$22,99,FALSE) -> 0.0018805626 | AC5: =_xlfn.HYPGEOM.DIST($A5,$C$1,'Benchmarks by Card Role'!G$22,99,FALSE) -> 0.0029949701 | AD5: =_xlfn.HYPGEOM.DIST($A5,$C$1,'Benchmarks by Card Role'!H$22,99,FALSE) -> 0.0044948588 | AE5: =_xlfn.HYPGEOM.DIST($A5,$C$1,'Benchmarks by Card Role'!I$22,99,FALSE) -> 0.0064358205 | AF5: =_xlfn.HYPGEOM.DIST($A5,$C$1,'Benchmarks by Card Role'!J$22,99,FALSE) -> 0.0088687744 | AG5: =_xlfn.HYPGEOM.DIST($A5,$C$1,'Benchmarks by Card Role'!K$22,99,FALSE) -> 0.011838783 | AH5: =_xlfn.HYPGEOM.DIST($A5,$C$1,'Benchmarks by Card Role'!L$22,99,FALSE) -> 0.015384086 | AJ5: =_xlfn.HYPGEOM.DIST($A5,$C$1,'Benchmarks by Card Role'!D$32,99,FALSE) -> 0 | AK5: =_xlfn.HYPGEOM.DIST($A5,$C$1,'Benchmarks by Card Role'!E$32,99,FALSE) -> 0 | AL5: =_xlfn.HYPGEOM.DIST($A5,$C$1,'Benchmarks by Card Role'!F$32,99,FALSE) -> 0 | AM5: =_xlfn.HYPGEOM.DIST($A5,$C$1,'Benchmarks by Card Role'!G$32,99,FALSE) -> 0 | AN5: =_xlfn.HYPGEOM.DIST($A5,$C$1,'Benchmarks by Card Role'!H$32,99,FALSE) -> 1.8595379e-05 | AO5: =_xlfn.HYPGEOM.DIST($A5,$C$1,'Benchmarks by Card Role'!I$32,99,FALSE) -> 8.906208e-05 | AP5: =_xlfn.HYPGEOM.DIST($A5,$C$1,'Benchmarks by Card Role'!J$32,99,FALSE) -> 0.00025581661 | AQ5: =_xlfn.HYPGEOM.DIST($A5,$C$1,'Benchmarks by Card Role'!K$32,99,FALSE) -> 0.00057123208 | AR5: =_xlfn.HYPGEOM.DIST($A5,$C$1,'Benchmarks by Card Role'!L$32,99,FALSE) -> 0.0010927918 | AT5: =_xlfn.HYPGEOM.DIST($A5,$C$1,'Benchmarks by Card Role'!D$42,99,FALSE) -> 0.0018805626 | AU5: =_xlfn.HYPGEOM.DIST($A5,$C$1,'Benchmarks by Card Role'!E$42,99,FALSE) -> 0.0029949701 | AV5: =_xlfn.HYPGEOM.DIST($A5,$C$1,'Benchmarks by Card Role'!F$42,99,FALSE) -> 0.0044948588 | AW5: =_xlfn.HYPGEOM.DIST($A5,$C$1,'Benchmarks by Card Role'!G$42,99,FALSE) -> 0.0064358205 | AX5: =_xlfn.HYPGEOM.DIST($A5,$C$1,'Benchmarks by Card Role'!H$42,99,FALSE) -> 0.0088687744 | AY5: =_xlfn.HYPGEOM.DIST($A5,$C$1,'Benchmarks by Card Role'!I$42,99,FALSE) -> 0.011838783 | AZ5: =_xlfn.HYPGEOM.DIST($A5,$C$1,'Benchmarks by Card Role'!J$42,99,FALSE) -> 0.015384086 | BA5: =_xlfn.HYPGEOM.DIST($A5,$C$1,'Benchmarks by Card Role'!K$42,99,FALSE) -> 0.019535348 | BB5: =_xlfn.HYPGEOM.DIST($A5,$C$1,'Benchmarks by Card Role'!L$42,99,FALSE) -> 0.024315081
A6: 5 | B6: =_xlfn.HYPGEOM.DIST(A6,'Hypergeometric Calculator'!C$3,'Hypergeometric Calculator'!C$4,'Hypergeometric Calculator'!C$2,FALSE) -> 0.0028769914 | C6: 13 | F6: =_xlfn.HYPGEOM.DIST($A6,$C$1,'Benchmarks by Card Role'!D$2,99,FALSE) -> 0.037970888 | G6: =_xlfn.HYPGEOM.DIST($A6,$C$1,'Benchmarks by Card Role'!E$2,99,FALSE) -> 0.043612277 | H6: =_xlfn.HYPGEOM.DIST($A6,$C$1,'Benchmarks by Card Role'!F$2,99,FALSE) -> 0.049738416 | I6: =_xlfn.HYPGEOM.DIST($A6,$C$1,'Benchmarks by Card Role'!G$2,99,FALSE) -> 0.056348532 | J6: =_xlfn.HYPGEOM.DIST($A6,$C$1,'Benchmarks by Card Role'!H$2,99,FALSE) -> 0.063437153 | K6: =_xlfn.HYPGEOM.DIST($A6,$C$1,'Benchmarks by Card Role'!I$2,99,FALSE) -> 0.07099393 | L6: =_xlfn.HYPGEOM.DIST($A6,$C$1,'Benchmarks by Card Role'!J$2,99,FALSE) -> 0.079003502 | M6: =_xlfn.HYPGEOM.DIST($A6,$C$1,'Benchmarks by Card Role'!K$2,99,FALSE) -> 0.087445408 | N6: =_xlfn.HYPGEOM.DIST($A6,$C$1,'Benchmarks by Card Role'!L$2,99,FALSE) -> 0.096294051 | P6: =_xlfn.HYPGEOM.DIST($A6,$C$1,'Benchmarks by Card Role'!D$12,99,FALSE) -> 1.5404011e-05 | Q6: =_xlfn.HYPGEOM.DIST($A6,$C$1,'Benchmarks by Card Role'!E$12,99,FALSE) -> 3.9737884e-05 | R6: =_xlfn.HYPGEOM.DIST($A6,$C$1,'Benchmarks by Card Role'!F$12,99,FALSE) -> 8.6462648e-05 | S6: =_xlfn.HYPGEOM.DIST($A6,$C$1,'Benchmarks by Card Role'!G$12,99,FALSE) -> 0.00016716112 | T6: =_xlfn.HYPGEOM.DIST($A6,$C$1,'Benchmarks by Card Role'!H$12,99,FALSE) -> 0.00029613187 | U6: =_xlfn.HYPGEOM.DIST($A6,$C$1,'Benchmarks by Card Role'!I$12,99,FALSE) -> 0.00049034823 | V6: =_xlfn.HYPGEOM.DIST($A6,$C$1,'Benchmarks by Card Role'!J$12,99,FALSE) -> 0.00076933946 | W6: =_xlfn.HYPGEOM.DIST($A6,$C$1,'Benchmarks by Card Role'!K$12,99,FALSE) -> 0.0011550032 | X6: =_xlfn.HYPGEOM.DIST($A6,$C$1,'Benchmarks by Card Role'!L$12,99,FALSE) -> 0.0016713575 | Z6: =_xlfn.HYPGEOM.DIST($A6,$C$1,'Benchmarks by Card Role'!D$22,99,FALSE) -> 1.5404011e-05 | AA6: =_xlfn.HYPGEOM.DIST($A6,$C$1,'Benchmarks by Card Role'!E$22,99,FALSE) -> 3.9737884e-05 | AB6: =_xlfn.HYPGEOM.DIST($A6,$C$1,'Benchmarks by Card Role'!F$22,99,FALSE) -> 8.6462648e-05 | AC6: =_xlfn.HYPGEOM.DIST($A6,$C$1,'Benchmarks by Card Role'!G$22,99,FALSE) -> 0.00016716112 | AD6: =_xlfn.HYPGEOM.DIST($A6,$C$1,'Benchmarks by Card Role'!H$22,99,FALSE) -> 0.00029613187 | AE6: =_xlfn.HYPGEOM.DIST($A6,$C$1,'Benchmarks by Card Role'!I$22,99,FALSE) -> 0.00049034823 | AF6: =_xlfn.HYPGEOM.DIST($A6,$C$1,'Benchmarks by Card Role'!J$22,99,FALSE) -> 0.00076933946 | AG6: =_xlfn.HYPGEOM.DIST($A6,$C$1,'Benchmarks by Card Role'!K$22,99,FALSE) -> 0.0011550032 | AH6: =_xlfn.HYPGEOM.DIST($A6,$C$1,'Benchmarks by Card Role'!L$22,99,FALSE) -> 0.0016713575 | AJ6: =_xlfn.HYPGEOM.DIST($A6,$C$1,'Benchmarks by Card Role'!D$32,99,FALSE) -> 0 | AK6: =_xlfn.HYPGEOM.DIST($A6,$C$1,'Benchmarks by Card Role'!E$32,99,FALSE) -> 0 | AL6: =_xlfn.HYPGEOM.DIST($A6,$C$1,'Benchmarks by Card Role'!F$32,99,FALSE) -> 0 | AM6: =_xlfn.HYPGEOM.DIST($A6,$C$1,'Benchmarks by Card Role'!G$32,99,FALSE) -> 0 | AN6: =_xlfn.HYPGEOM.DIST($A6,$C$1,'Benchmarks by Card Role'!H$32,99,FALSE) -> 0 | AO6: =_xlfn.HYPGEOM.DIST($A6,$C$1,'Benchmarks by Card Role'!I$32,99,FALSE) -> 7.8296334e-07 | AP6: =_xlfn.HYPGEOM.DIST($A6,$C$1,'Benchmarks by Card Role'!J$32,99,FALSE) -> 4.5478509e-06 | AQ6: =_xlfn.HYPGEOM.DIST($A6,$C$1,'Benchmarks by Card Role'!K$32,99,FALSE) -> 1.5404011e-05 | AR6: =_xlfn.HYPGEOM.DIST($A6,$C$1,'Benchmarks by Card Role'!L$32,99,FALSE) -> 3.9737884e-05 | AT6: =_xlfn.HYPGEOM.DIST($A6,$C$1,'Benchmarks by Card Role'!D$42,99,FALSE) -> 8.6462648e-05 | AU6: =_xlfn.HYPGEOM.DIST($A6,$C$1,'Benchmarks by Card Role'!E$42,99,FALSE) -> 0.00016716112 | AV6: =_xlfn.HYPGEOM.DIST($A6,$C$1,'Benchmarks by Card Role'!F$42,99,FALSE) -> 0.00029613187 | AW6: =_xlfn.HYPGEOM.DIST($A6,$C$1,'Benchmarks by Card Role'!G$42,99,FALSE) -> 0.00049034823 | AX6: =_xlfn.HYPGEOM.DIST($A6,$C$1,'Benchmarks by Card Role'!H$42,99,FALSE) -> 0.00076933946 | AY6: =_xlfn.HYPGEOM.DIST($A6,$C$1,'Benchmarks by Card Role'!I$42,99,FALSE) -> 0.0011550032 | AZ6: =_xlfn.HYPGEOM.DIST($A6,$C$1,'Benchmarks by Card Role'!J$42,99,FALSE) -> 0.0016713575 | BA6: =_xlfn.HYPGEOM.DIST($A6,$C$1,'Benchmarks by Card Role'!K$42,99,FALSE) -> 0.0023442417 | BB6: =_xlfn.HYPGEOM.DIST($A6,$C$1,'Benchmarks by Card Role'!L$42,99,FALSE) -> 0.0032009727
A7: 6 | F7: =_xlfn.HYPGEOM.DIST($A7,$C$1,'Benchmarks by Card Role'!D$2,99,FALSE) -> 0.0067007449 | G7: =_xlfn.HYPGEOM.DIST($A7,$C$1,'Benchmarks by Card Role'!E$2,99,FALSE) -> 0.0081366188 | H7: =_xlfn.HYPGEOM.DIST($A7,$C$1,'Benchmarks by Card Role'!F$2,99,FALSE) -> 0.0097969607 | I7: =_xlfn.HYPGEOM.DIST($A7,$C$1,'Benchmarks by Card Role'!G$2,99,FALSE) -> 0.011703157 | J7: =_xlfn.HYPGEOM.DIST($A7,$C$1,'Benchmarks by Card Role'!H$2,99,FALSE) -> 0.013876877 | K7: =_xlfn.HYPGEOM.DIST($A7,$C$1,'Benchmarks by Card Role'!I$2,99,FALSE) -> 0.016339873 | L7: =_xlfn.HYPGEOM.DIST($A7,$C$1,'Benchmarks by Card Role'!J$2,99,FALSE) -> 0.01911375 | M7: =_xlfn.HYPGEOM.DIST($A7,$C$1,'Benchmarks by Card Role'!K$2,99,FALSE) -> 0.022219735 | N7: =_xlfn.HYPGEOM.DIST($A7,$C$1,'Benchmarks by Card Role'!L$2,99,FALSE) -> 0.025678413 | P7: =_xlfn.HYPGEOM.DIST($A7,$C$1,'Benchmarks by Card Role'!D$12,99,FALSE) -> 1.7115568e-07 | Q7: =_xlfn.HYPGEOM.DIST($A7,$C$1,'Benchmarks by Card Role'!E$12,99,FALSE) -> 6.6973962e-07 | R7: =_xlfn.HYPGEOM.DIST($A7,$C$1,'Benchmarks by Card Role'!F$12,99,FALSE) -> 1.9650602e-06 | S7: =_xlfn.HYPGEOM.DIST($A7,$C$1,'Benchmarks by Card Role'!G$12,99,FALSE) -> 4.8034805e-06 | T7: =_xlfn.HYPGEOM.DIST($A7,$C$1,'Benchmarks by Card Role'!H$12,99,FALSE) -> 1.0330182e-05 | U7: =_xlfn.HYPGEOM.DIST($A7,$C$1,'Benchmarks by Card Role'!I$12,99,FALSE) -> 2.0190809e-05 | V7: =_xlfn.HYPGEOM.DIST($A7,$C$1,'Benchmarks by Card Role'!J$12,99,FALSE) -> 3.6635213e-05 | W7: =_xlfn.HYPGEOM.DIST($A7,$C$1,'Benchmarks by Card Role'!K$12,99,FALSE) -> 6.2620654e-05 | X7: =_xlfn.HYPGEOM.DIST($A7,$C$1,'Benchmarks by Card Role'!L$12,99,FALSE) -> 0.00010191204 | Z7: =_xlfn.HYPGEOM.DIST($A7,$C$1,'Benchmarks by Card Role'!D$22,99,FALSE) -> 1.7115568e-07 | AA7: =_xlfn.HYPGEOM.DIST($A7,$C$1,'Benchmarks by Card Role'!E$22,99,FALSE) -> 6.6973962e-07 | AB7: =_xlfn.HYPGEOM.DIST($A7,$C$1,'Benchmarks by Card Role'!F$22,99,FALSE) -> 1.9650602e-06 | AC7: =_xlfn.HYPGEOM.DIST($A7,$C$1,'Benchmarks by Card Role'!G$22,99,FALSE) -> 4.8034805e-06 | AD7: =_xlfn.HYPGEOM.DIST($A7,$C$1,'Benchmarks by Card Role'!H$22,99,FALSE) -> 1.0330182e-05 | AE7: =_xlfn.HYPGEOM.DIST($A7,$C$1,'Benchmarks by Card Role'!I$22,99,FALSE) -> 2.0190809e-05 | AF7: =_xlfn.HYPGEOM.DIST($A7,$C$1,'Benchmarks by Card Role'!J$22,99,FALSE) -> 3.6635213e-05 | AG7: =_xlfn.HYPGEOM.DIST($A7,$C$1,'Benchmarks by Card Role'!K$22,99,FALSE) -> 6.2620654e-05 | AH7: =_xlfn.HYPGEOM.DIST($A7,$C$1,'Benchmarks by Card Role'!L$22,99,FALSE) -> 0.00010191204 | AJ7: =_xlfn.HYPGEOM.DIST($A7,$C$1,'Benchmarks by Card Role'!D$32,99,FALSE) -> 0 | AK7: =_xlfn.HYPGEOM.DIST($A7,$C$1,'Benchmarks by Card Role'!E$32,99,FALSE) -> 0 | AL7: =_xlfn.HYPGEOM.DIST($A7,$C$1,'Benchmarks by Card Role'!F$32,99,FALSE) -> 0 | AM7: =_xlfn.HYPGEOM.DIST($A7,$C$1,'Benchmarks by Card Role'!G$32,99,FALSE) -> 0 | AN7: =_xlfn.HYPGEOM.DIST($A7,$C$1,'Benchmarks by Card Role'!H$32,99,FALSE) -> 0 | AO7: =_xlfn.HYPGEOM.DIST($A7,$C$1,'Benchmarks by Card Role'!I$32,99,FALSE) -> 0 | AP7: =_xlfn.HYPGEOM.DIST($A7,$C$1,'Benchmarks by Card Role'!J$32,99,FALSE) -> 2.4988192e-08 | AQ7: =_xlfn.HYPGEOM.DIST($A7,$C$1,'Benchmarks by Card Role'!K$32,99,FALSE) -> 1.7115568e-07 | AR7: =_xlfn.HYPGEOM.DIST($A7,$C$1,'Benchmarks by Card Role'!L$32,99,FALSE) -> 6.6973962e-07 | AT7: =_xlfn.HYPGEOM.DIST($A7,$C$1,'Benchmarks by Card Role'!D$42,99,FALSE) -> 1.9650602e-06 | AU7: =_xlfn.HYPGEOM.DIST($A7,$C$1,'Benchmarks by Card Role'!E$42,99,FALSE) -> 4.8034805e-06 | AV7: =_xlfn.HYPGEOM.DIST($A7,$C$1,'Benchmarks by Card Role'!F$42,99,FALSE) -> 1.0330182e-05 | AW7: =_xlfn.HYPGEOM.DIST($A7,$C$1,'Benchmarks by Card Role'!G$42,99,FALSE) -> 2.0190809e-05 | AX7: =_xlfn.HYPGEOM.DIST($A7,$C$1,'Benchmarks by Card Role'!H$42,99,FALSE) -> 3.6635213e-05 | AY7: =_xlfn.HYPGEOM.DIST($A7,$C$1,'Benchmarks by Card Role'!I$42,99,FALSE) -> 6.2620654e-05 | AZ7: =_xlfn.HYPGEOM.DIST($A7,$C$1,'Benchmarks by Card Role'!J$42,99,FALSE) -> 0.00010191204 | BA7: =_xlfn.HYPGEOM.DIST($A7,$C$1,'Benchmarks by Card Role'!K$42,99,FALSE) -> 0.00015917691 | BB7: =_xlfn.HYPGEOM.DIST($A7,$C$1,'Benchmarks by Card Role'!L$42,99,FALSE) -> 0.00024007295
A8: 7 | F8: =_xlfn.HYPGEOM.DIST($A8,$C$1,'Benchmarks by Card Role'!D$2,99,FALSE) -> 0.00063816618 | G8: =_xlfn.HYPGEOM.DIST($A8,$C$1,'Benchmarks by Card Role'!E$2,99,FALSE) -> 0.00082049937 | H8: =_xlfn.HYPGEOM.DIST($A8,$C$1,'Benchmarks by Card Role'!F$2,99,FALSE) -> 0.0010444521 | I8: =_xlfn.HYPGEOM.DIST($A8,$C$1,'Benchmarks by Card Role'!G$2,99,FALSE) -> 0.0013172384 | J8: =_xlfn.HYPGEOM.DIST($A8,$C$1,'Benchmarks by Card Role'!H$2,99,FALSE) -> 0.0016469261 | K8: =_xlfn.HYPGEOM.DIST($A8,$C$1,'Benchmarks by Card Role'!I$2,99,FALSE) -> 0.0020424841 | L8: =_xlfn.HYPGEOM.DIST($A8,$C$1,'Benchmarks by Card Role'!J$2,99,FALSE) -> 0.0025138266 | M8: =_xlfn.HYPGEOM.DIST($A8,$C$1,'Benchmarks by Card Role'!K$2,99,FALSE) -> 0.0030718527 | N8: =_xlfn.HYPGEOM.DIST($A8,$C$1,'Benchmarks by Card Role'!L$2,99,FALSE) -> 0.0037284816 | P8: =_xlfn.HYPGEOM.DIST($A8,$C$1,'Benchmarks by Card Role'!D$12,99,FALSE) -> 5.3738047e-10 | Q8: =_xlfn.HYPGEOM.DIST($A8,$C$1,'Benchmarks by Card Role'!E$12,99,FALSE) -> 4.252315e-09 | R8: =_xlfn.HYPGEOM.DIST($A8,$C$1,'Benchmarks by Card Role'!F$12,99,FALSE) -> 1.8925138e-08 | S8: =_xlfn.HYPGEOM.DIST($A8,$C$1,'Benchmarks by Card Role'!G$12,99,FALSE) -> 6.2382863e-08 | T8: =_xlfn.HYPGEOM.DIST($A8,$C$1,'Benchmarks by Card Role'!H$12,99,FALSE) -> 1.6962531e-07 | U8: =_xlfn.HYPGEOM.DIST($A8,$C$1,'Benchmarks by Card Role'!I$12,99,FALSE) -> 4.0247461e-07 | V8: =_xlfn.HYPGEOM.DIST($A8,$C$1,'Benchmarks by Card Role'!J$12,99,FALSE) -> 8.62005e-07 | W8: =_xlfn.HYPGEOM.DIST($A8,$C$1,'Benchmarks by Card Role'!K$12,99,FALSE) -> 1.7039634e-06 | X8: =_xlfn.HYPGEOM.DIST($A8,$C$1,'Benchmarks by Card Role'!L$12,99,FALSE) -> 3.1573439e-06 | Z8: =_xlfn.HYPGEOM.DIST($A8,$C$1,'Benchmarks by Card Role'!D$22,99,FALSE) -> 5.3738047e-10 | AA8: =_xlfn.HYPGEOM.DIST($A8,$C$1,'Benchmarks by Card Role'!E$22,99,FALSE) -> 4.252315e-09 | AB8: =_xlfn.HYPGEOM.DIST($A8,$C$1,'Benchmarks by Card Role'!F$22,99,FALSE) -> 1.8925138e-08 | AC8: =_xlfn.HYPGEOM.DIST($A8,$C$1,'Benchmarks by Card Role'!G$22,99,FALSE) -> 6.2382863e-08 | AD8: =_xlfn.HYPGEOM.DIST($A8,$C$1,'Benchmarks by Card Role'!H$22,99,FALSE) -> 1.6962531e-07 | AE8: =_xlfn.HYPGEOM.DIST($A8,$C$1,'Benchmarks by Card Role'!I$22,99,FALSE) -> 4.0247461e-07 | AF8: =_xlfn.HYPGEOM.DIST($A8,$C$1,'Benchmarks by Card Role'!J$22,99,FALSE) -> 8.62005e-07 | AG8: =_xlfn.HYPGEOM.DIST($A8,$C$1,'Benchmarks by Card Role'!K$22,99,FALSE) -> 1.7039634e-06 | AH8: =_xlfn.HYPGEOM.DIST($A8,$C$1,'Benchmarks by Card Role'!L$22,99,FALSE) -> 3.1573439e-06 | AJ8: =_xlfn.HYPGEOM.DIST($A8,$C$1,'Benchmarks by Card Role'!D$32,99,FALSE) -> 0 | AK8: =_xlfn.HYPGEOM.DIST($A8,$C$1,'Benchmarks by Card Role'!E$32,99,FALSE) -> 0 | AL8: =_xlfn.HYPGEOM.DIST($A8,$C$1,'Benchmarks by Card Role'!F$32,99,FALSE) -> 0 | AM8: =_xlfn.HYPGEOM.DIST($A8,$C$1,'Benchmarks by Card Role'!G$32,99,FALSE) -> 0 | AN8: =_xlfn.HYPGEOM.DIST($A8,$C$1,'Benchmarks by Card Role'!H$32,99,FALSE) -> 0 | AO8: =_xlfn.HYPGEOM.DIST($A8,$C$1,'Benchmarks by Card Role'!I$32,99,FALSE) -> 0 | AP8: =_xlfn.HYPGEOM.DIST($A8,$C$1,'Benchmarks by Card Role'!J$32,99,FALSE) -> 0 | AQ8: =_xlfn.HYPGEOM.DIST($A8,$C$1,'Benchmarks by Card Role'!K$32,99,FALSE) -> 5.3738047e-10 | AR8: =_xlfn.HYPGEOM.DIST($A8,$C$1,'Benchmarks by Card Role'!L$32,99,FALSE) -> 4.252315e-09 | AT8: =_xlfn.HYPGEOM.DIST($A8,$C$1,'Benchmarks by Card Role'!D$42,99,FALSE) -> 1.8925138e-08 | AU8: =_xlfn.HYPGEOM.DIST($A8,$C$1,'Benchmarks by Card Role'!E$42,99,FALSE) -> 6.2382863e-08 | AV8: =_xlfn.HYPGEOM.DIST($A8,$C$1,'Benchmarks by Card Role'!F$42,99,FALSE) -> 1.6962531e-07 | AW8: =_xlfn.HYPGEOM.DIST($A8,$C$1,'Benchmarks by Card Role'!G$42,99,FALSE) -> 4.0247461e-07 | AX8: =_xlfn.HYPGEOM.DIST($A8,$C$1,'Benchmarks by Card Role'!H$42,99,FALSE) -> 8.62005e-07 | AY8: =_xlfn.HYPGEOM.DIST($A8,$C$1,'Benchmarks by Card Role'!I$42,99,FALSE) -> 1.7039634e-06 | AZ8: =_xlfn.HYPGEOM.DIST($A8,$C$1,'Benchmarks by Card Role'!J$42,99,FALSE) -> 3.1573439e-06 | BA8: =_xlfn.HYPGEOM.DIST($A8,$C$1,'Benchmarks by Card Role'!K$42,99,FALSE) -> 5.5462337e-06 | BB8: =_xlfn.HYPGEOM.DIST($A8,$C$1,'Benchmarks by Card Role'!L$42,99,FALSE) -> 9.3149998e-06
A9: 8 | F9: =_xlfn.HYPGEOM.DIST($A9,$C$1,'Benchmarks by Card Role'!D$2,99,FALSE) -> 2.5070814e-05 | G9: =_xlfn.HYPGEOM.DIST($A9,$C$1,'Benchmarks by Card Role'!E$2,99,FALSE) -> 3.4187474e-05 | H9: =_xlfn.HYPGEOM.DIST($A9,$C$1,'Benchmarks by Card Role'!F$2,99,FALSE) -> 4.6078769e-05 | I9: =_xlfn.HYPGEOM.DIST($A9,$C$1,'Benchmarks by Card Role'!G$2,99,FALSE) -> 6.1438359e-05 | J9: =_xlfn.HYPGEOM.DIST($A9,$C$1,'Benchmarks by Card Role'!H$2,99,FALSE) -> 8.1098633e-05 | K9: =_xlfn.HYPGEOM.DIST($A9,$C$1,'Benchmarks by Card Role'!I$2,99,FALSE) -> 0.00010605206 | L9: =_xlfn.HYPGEOM.DIST($A9,$C$1,'Benchmarks by Card Role'!J$2,99,FALSE) -> 0.00013747489 | M9: =_xlfn.HYPGEOM.DIST($A9,$C$1,'Benchmarks by Card Role'!K$2,99,FALSE) -> 0.00017675343 | N9: =_xlfn.HYPGEOM.DIST($A9,$C$1,'Benchmarks by Card Role'!L$2,99,FALSE) -> 0.000225513 | P9: =_xlfn.HYPGEOM.DIST($A9,$C$1,'Benchmarks by Card Role'!D$12,99,FALSE) -> 0 | Q9: =_xlfn.HYPGEOM.DIST($A9,$C$1,'Benchmarks by Card Role'!E$12,99,FALSE) -> 5.8410921e-12 | R9: =_xlfn.HYPGEOM.DIST($A9,$C$1,'Benchmarks by Card Role'!F$12,99,FALSE) -> 5.2569829e-11 | S9: =_xlfn.HYPGEOM.DIST($A9,$C$1,'Benchmarks by Card Role'!G$12,99,FALSE) -> 2.6284914e-10 | T9: =_xlfn.HYPGEOM.DIST($A9,$C$1,'Benchmarks by Card Role'!H$12,99,FALSE) -> 9.6378019e-10 | U9: =_xlfn.HYPGEOM.DIST($A9,$C$1,'Benchmarks by Card Role'!I$12,99,FALSE) -> 2.8913406e-09 | V9: =_xlfn.HYPGEOM.DIST($A9,$C$1,'Benchmarks by Card Role'!J$12,99,FALSE) -> 7.5174855e-09 | W9: =_xlfn.HYPGEOM.DIST($A9,$C$1,'Benchmarks by Card Role'!K$12,99,FALSE) -> 1.7540799e-08 | X9: =_xlfn.HYPGEOM.DIST($A9,$C$1,'Benchmarks by Card Role'!L$12,99,FALSE) -> 3.7587427e-08 | Z9: =_xlfn.HYPGEOM.DIST($A9,$C$1,'Benchmarks by Card Role'!D$22,99,FALSE) -> 0 | AA9: =_xlfn.HYPGEOM.DIST($A9,$C$1,'Benchmarks by Card Role'!E$22,99,FALSE) -> 5.8410921e-12 | AB9: =_xlfn.HYPGEOM.DIST($A9,$C$1,'Benchmarks by Card Role'!F$22,99,FALSE) -> 5.2569829e-11 | AC9: =_xlfn.HYPGEOM.DIST($A9,$C$1,'Benchmarks by Card Role'!G$22,99,FALSE) -> 2.6284914e-10 | AD9: =_xlfn.HYPGEOM.DIST($A9,$C$1,'Benchmarks by Card Role'!H$22,99,FALSE) -> 9.6378019e-10 | AE9: =_xlfn.HYPGEOM.DIST($A9,$C$1,'Benchmarks by Card Role'!I$22,99,FALSE) -> 2.8913406e-09 | AF9: =_xlfn.HYPGEOM.DIST($A9,$C$1,'Benchmarks by Card Role'!J$22,99,FALSE) -> 7.5174855e-09 | AG9: =_xlfn.HYPGEOM.DIST($A9,$C$1,'Benchmarks by Card Role'!K$22,99,FALSE) -> 1.7540799e-08 | AH9: =_xlfn.HYPGEOM.DIST($A9,$C$1,'Benchmarks by Card Role'!L$22,99,FALSE) -> 3.7587427e-08 | AJ9: =_xlfn.HYPGEOM.DIST($A9,$C$1,'Benchmarks by Card Role'!D$32,99,FALSE) -> 0 | AK9: =_xlfn.HYPGEOM.DIST($A9,$C$1,'Benchmarks by Card Role'!E$32,99,FALSE) -> 0 | AL9: =_xlfn.HYPGEOM.DIST($A9,$C$1,'Benchmarks by Card Role'!F$32,99,FALSE) -> 0 | AM9: =_xlfn.HYPGEOM.DIST($A9,$C$1,'Benchmarks by Card Role'!G$32,99,FALSE) -> 0 | AN9: =_xlfn.HYPGEOM.DIST($A9,$C$1,'Benchmarks by Card Role'!H$32,99,FALSE) -> 0 | AO9: =_xlfn.HYPGEOM.DIST($A9,$C$1,'Benchmarks by Card Role'!I$32,99,FALSE) -> 0 | AP9: =_xlfn.HYPGEOM.DIST($A9,$C$1,'Benchmarks by Card Role'!J$32,99,FALSE) -> 0 | AQ9: =_xlfn.HYPGEOM.DIST($A9,$C$1,'Benchmarks by Card Role'!K$32,99,FALSE) -> 0 | AR9: =_xlfn.HYPGEOM.DIST($A9,$C$1,'Benchmarks by Card Role'!L$32,99,FALSE) -> 5.8410921e-12 | AT9: =_xlfn.HYPGEOM.DIST($A9,$C$1,'Benchmarks by Card Role'!D$42,99,FALSE) -> 5.2569829e-11 | AU9: =_xlfn.HYPGEOM.DIST($A9,$C$1,'Benchmarks by Card Role'!E$42,99,FALSE) -> 2.6284914e-10 | AV9: =_xlfn.HYPGEOM.DIST($A9,$C$1,'Benchmarks by Card Role'!F$42,99,FALSE) -> 9.6378019e-10 | AW9: =_xlfn.HYPGEOM.DIST($A9,$C$1,'Benchmarks by Card Role'!G$42,99,FALSE) -> 2.8913406e-09 | AX9: =_xlfn.HYPGEOM.DIST($A9,$C$1,'Benchmarks by Card Role'!H$42,99,FALSE) -> 7.5174855e-09 | AY9: =_xlfn.HYPGEOM.DIST($A9,$C$1,'Benchmarks by Card Role'!I$42,99,FALSE) -> 1.7540799e-08 | AZ9: =_xlfn.HYPGEOM.DIST($A9,$C$1,'Benchmarks by Card Role'!J$42,99,FALSE) -> 3.7587427e-08 | BA9: =_xlfn.HYPGEOM.DIST($A9,$C$1,'Benchmarks by Card Role'!K$42,99,FALSE) -> 7.5174855e-08 | BB9: =_xlfn.HYPGEOM.DIST($A9,$C$1,'Benchmarks by Card Role'!L$42,99,FALSE) -> 1.4199695e-07
F10: =SUM(F1*$A$1,F2*$A$2,F3*$A$3,F4*$A$4,F5*$A$5,F6*$A$6,F7*$A$7,F8*$A$8,F9*$A$9) -> 2.3434343 | G10: =SUM(G1*$A$1,G2*$A$2,G3*$A$3,G4*$A$4,G5*$A$5,G6*$A$6,G7*$A$7,G8*$A$8,G9*$A$9) -> 2.4242424 | H10: =SUM(H1*$A$1,H2*$A$2,H3*$A$3,H4*$A$4,H5*$A$5,H6*$A$6,H7*$A$7,H8*$A$8,H9*$A$9) -> 2.5050505 | I10: =SUM(I1*$A$1,I2*$A$2,I3*$A$3,I4*$A$4,I5*$A$5,I6*$A$6,I7*$A$7,I8*$A$8,I9*$A$9) -> 2.5858586 | J10: =SUM(J1*$A$1,J2*$A$2,J3*$A$3,J4*$A$4,J5*$A$5,J6*$A$6,J7*$A$7,J8*$A$8,J9*$A$9) -> 2.6666667 | K10: =SUM(K1*$A$1,K2*$A$2,K3*$A$3,K4*$A$4,K5*$A$5,K6*$A$6,K7*$A$7,K8*$A$8,K9*$A$9) -> 2.7474747 | L10: =SUM(L1*$A$1,L2*$A$2,L3*$A$3,L4*$A$4,L5*$A$5,L6*$A$6,L7*$A$7,L8*$A$8,L9*$A$9) -> 2.8282828 | M10: =SUM(M1*$A$1,M2*$A$2,M3*$A$3,M4*$A$4,M5*$A$5,M6*$A$6,M7*$A$7,M8*$A$8,M9*$A$9) -> 2.9090909 | N10: =SUM(N1*$A$1,N2*$A$2,N3*$A$3,N4*$A$4,N5*$A$5,N6*$A$6,N7*$A$7,N8*$A$8,N9*$A$9) -> 2.989899 | P10: =SUM(P1*$A$1,P2*$A$2,P3*$A$3,P4*$A$4,P5*$A$5,P6*$A$6,P7*$A$7,P8*$A$8,P9*$A$9) -> 0.56565657 | Q10: =SUM(Q1*$A$1,Q2*$A$2,Q3*$A$3,Q4*$A$4,Q5*$A$5,Q6*$A$6,Q7*$A$7,Q8*$A$8,Q9*$A$9) -> 0.64646465 | R10: =SUM(R1*$A$1,R2*$A$2,R3*$A$3,R4*$A$4,R5*$A$5,R6*$A$6,R7*$A$7,R8*$A$8,R9*$A$9) -> 0.72727273 | S10: =SUM(S1*$A$1,S2*$A$2,S3*$A$3,S4*$A$4,S5*$A$5,S6*$A$6,S7*$A$7,S8*$A$8,S9*$A$9) -> 0.80808081 | T10: =SUM(T1*$A$1,T2*$A$2,T3*$A$3,T4*$A$4,T5*$A$5,T6*$A$6,T7*$A$7,T8*$A$8,T9*$A$9) -> 0.88888889 | U10: =SUM(U1*$A$1,U2*$A$2,U3*$A$3,U4*$A$4,U5*$A$5,U6*$A$6,U7*$A$7,U8*$A$8,U9*$A$9) -> 0.96969697 | V10: =SUM(V1*$A$1,V2*$A$2,V3*$A$3,V4*$A$4,V5*$A$5,V6*$A$6,V7*$A$7,V8*$A$8,V9*$A$9) -> 1.0505051 | W10: =SUM(W1*$A$1,W2*$A$2,W3*$A$3,W4*$A$4,W5*$A$5,W6*$A$6,W7*$A$7,W8*$A$8,W9*$A$9) -> 1.1313131 | X10: =SUM(X1*$A$1,X2*$A$2,X3*$A$3,X4*$A$4,X5*$A$5,X6*$A$6,X7*$A$7,X8*$A$8,X9*$A$9) -> 1.2121212 | Z10: =SUM(Z1*$A$1,Z2*$A$2,Z3*$A$3,Z4*$A$4,Z5*$A$5,Z6*$A$6,Z7*$A$7,Z8*$A$8,Z9*$A$9) -> 0.56565657 | AA10: =SUM(AA1*$A$1,AA2*$A$2,AA3*$A$3,AA4*$A$4,AA5*$A$5,AA6*$A$6,AA7*$A$7,AA8*$A$8,AA9*$A$9) -> 0.64646465 | AB10: =SUM(AB1*$A$1,AB2*$A$2,AB3*$A$3,AB4*$A$4,AB5*$A$5,AB6*$A$6,AB7*$A$7,AB8*$A$8,AB9*$A$9) -> 0.72727273 | AC10: =SUM(AC1*$A$1,AC2*$A$2,AC3*$A$3,AC4*$A$4,AC5*$A$5,AC6*$A$6,AC7*$A$7,AC8*$A$8,AC9*$A$9) -> 0.80808081 | AD10: =SUM(AD1*$A$1,AD2*$A$2,AD3*$A$3,AD4*$A$4,AD5*$A$5,AD6*$A$6,AD7*$A$7,AD8*$A$8,AD9*$A$9) -> 0.88888889 | AE10: =SUM(AE1*$A$1,AE2*$A$2,AE3*$A$3,AE4*$A$4,AE5*$A$5,AE6*$A$6,AE7*$A$7,AE8*$A$8,AE9*$A$9) -> 0.96969697 | AF10: =SUM(AF1*$A$1,AF2*$A$2,AF3*$A$3,AF4*$A$4,AF5*$A$5,AF6*$A$6,AF7*$A$7,AF8*$A$8,AF9*$A$9) -> 1.0505051 | AG10: =SUM(AG1*$A$1,AG2*$A$2,AG3*$A$3,AG4*$A$4,AG5*$A$5,AG6*$A$6,AG7*$A$7,AG8*$A$8,AG9*$A$9) -> 1.1313131 | AH10: =SUM(AH1*$A$1,AH2*$A$2,AH3*$A$3,AH4*$A$4,AH5*$A$5,AH6*$A$6,AH7*$A$7,AH8*$A$8,AH9*$A$9) -> 1.2121212 | AJ10: =SUM(AJ1*$A$1,AJ2*$A$2,AJ3*$A$3,AJ4*$A$4,AJ5*$A$5,AJ6*$A$6,AJ7*$A$7,AJ8*$A$8,AJ9*$A$9) -> 0 | AK10: =SUM(AK1*$A$1,AK2*$A$2,AK3*$A$3,AK4*$A$4,AK5*$A$5,AK6*$A$6,AK7*$A$7,AK8*$A$8,AK9*$A$9) -> 0.080808081 | AL10: =SUM(AL1*$A$1,AL2*$A$2,AL3*$A$3,AL4*$A$4,AL5*$A$5,AL6*$A$6,AL7*$A$7,AL8*$A$8,AL9*$A$9) -> 0.16161616 | AM10: =SUM(AM1*$A$1,AM2*$A$2,AM3*$A$3,AM4*$A$4,AM5*$A$5,AM6*$A$6,AM7*$A$7,AM8*$A$8,AM9*$A$9) -> 0.24242424 | AN10: =SUM(AN1*$A$1,AN2*$A$2,AN3*$A$3,AN4*$A$4,AN5*$A$5,AN6*$A$6,AN7*$A$7,AN8*$A$8,AN9*$A$9) -> 0.32323232 | AO10: =SUM(AO1*$A$1,AO2*$A$2,AO3*$A$3,AO4*$A$4,AO5*$A$5,AO6*$A$6,AO7*$A$7,AO8*$A$8,AO9*$A$9) -> 0.4040404 | AP10: =SUM(AP1*$A$1,AP2*$A$2,AP3*$A$3,AP4*$A$4,AP5*$A$5,AP6*$A$6,AP7*$A$7,AP8*$A$8,AP9*$A$9) -> 0.48484848 | AQ10: =SUM(AQ1*$A$1,AQ2*$A$2,AQ3*$A$3,AQ4*$A$4,AQ5*$A$5,AQ6*$A$6,AQ7*$A$7,AQ8*$A$8,AQ9*$A$9) -> 0.56565657 | AR10: =SUM(AR1*$A$1,AR2*$A$2,AR3*$A$3,AR4*$A$4,AR5*$A$5,AR6*$A$6,AR7*$A$7,AR8*$A$8,AR9*$A$9) -> 0.64646465 | AT10: =SUM(AT1*$A$1,AT2*$A$2,AT3*$A$3,AT4*$A$4,AT5*$A$5,AT6*$A$6,AT7*$A$7,AT8*$A$8,AT9*$A$9) -> 0.72727273 | AU10: =SUM(AU1*$A$1,AU2*$A$2,AU3*$A$3,AU4*$A$4,AU5*$A$5,AU6*$A$6,AU7*$A$7,AU8*$A$8,AU9*$A$9) -> 0.80808081 | AV10: =SUM(AV1*$A$1,AV2*$A$2,AV3*$A$3,AV4*$A$4,AV5*$A$5,AV6*$A$6,AV7*$A$7,AV8*$A$8,AV9*$A$9) -> 0.88888889 | AW10: =SUM(AW1*$A$1,AW2*$A$2,AW3*$A$3,AW4*$A$4,AW5*$A$5,AW6*$A$6,AW7*$A$7,AW8*$A$8,AW9*$A$9) -> 0.96969697 | AX10: =SUM(AX1*$A$1,AX2*$A$2,AX3*$A$3,AX4*$A$4,AX5*$A$5,AX6*$A$6,AX7*$A$7,AX8*$A$8,AX9*$A$9) -> 1.0505051 | AY10: =SUM(AY1*$A$1,AY2*$A$2,AY3*$A$3,AY4*$A$4,AY5*$A$5,AY6*$A$6,AY7*$A$7,AY8*$A$8,AY9*$A$9) -> 1.1313131 | AZ10: =SUM(AZ1*$A$1,AZ2*$A$2,AZ3*$A$3,AZ4*$A$4,AZ5*$A$5,AZ6*$A$6,AZ7*$A$7,AZ8*$A$8,AZ9*$A$9) -> 1.2121212 | BA10: =SUM(BA1*$A$1,BA2*$A$2,BA3*$A$3,BA4*$A$4,BA5*$A$5,BA6*$A$6,BA7*$A$7,BA8*$A$8,BA9*$A$9) -> 1.2929293 | BB10: =SUM(BB1*$A$1,BB2*$A$2,BB3*$A$3,BB4*$A$4,BB5*$A$5,BB6*$A$6,BB7*$A$7,BB8*$A$8,BB9*$A$9) -> 1.3737374
F12: =_xlfn.HYPGEOM.DIST($A1,$C$2,'Benchmarks by Card Role'!D$2,99,FALSE) -> 0.037569247 | G12: =_xlfn.HYPGEOM.DIST($A1,$C$2,'Benchmarks by Card Role'!E$2,99,FALSE) -> 0.032738915 | H12: =_xlfn.HYPGEOM.DIST($A1,$C$2,'Benchmarks by Card Role'!F$2,99,FALSE) -> 0.028468622 | I12: =_xlfn.HYPGEOM.DIST($A1,$C$2,'Benchmarks by Card Role'!G$2,99,FALSE) -> 0.024700716 | J12: =_xlfn.HYPGEOM.DIST($A1,$C$2,'Benchmarks by Card Role'!H$2,99,FALSE) -> 0.021382709 | K12: =_xlfn.HYPGEOM.DIST($A1,$C$2,'Benchmarks by Card Role'!I$2,99,FALSE) -> 0.018466885 | L12: =_xlfn.HYPGEOM.DIST($A1,$C$2,'Benchmarks by Card Role'!J$2,99,FALSE) -> 0.015909932 | M12: =_xlfn.HYPGEOM.DIST($A1,$C$2,'Benchmarks by Card Role'!K$2,99,FALSE) -> 0.013672598 | N12: =_xlfn.HYPGEOM.DIST($A1,$C$2,'Benchmarks by Card Role'!L$2,99,FALSE) -> 0.01171937 | P12: =_xlfn.HYPGEOM.DIST($A1,$C$2,'Benchmarks by Card Role'!D$12,99,FALSE) -> 0.50187141 | Q12: =_xlfn.HYPGEOM.DIST($A1,$C$2,'Benchmarks by Card Role'!E$12,99,FALSE) -> 0.4527753 | R12: =_xlfn.HYPGEOM.DIST($A1,$C$2,'Benchmarks by Card Role'!F$12,99,FALSE) -> 0.40799532 | S12: =_xlfn.HYPGEOM.DIST($A1,$C$2,'Benchmarks by Card Role'!G$12,99,FALSE) -> 0.36719579 | T12: =_xlfn.HYPGEOM.DIST($A1,$C$2,'Benchmarks by Card Role'!H$12,99,FALSE) -> 0.33006363 | U12: =_xlfn.HYPGEOM.DIST($A1,$C$2,'Benchmarks by Card Role'!I$12,99,FALSE) -> 0.29630712 | V12: =_xlfn.HYPGEOM.DIST($A1,$C$2,'Benchmarks by Card Role'!J$12,99,FALSE) -> 0.26565466 | W12: =_xlfn.HYPGEOM.DIST($A1,$C$2,'Benchmarks by Card Role'!K$12,99,FALSE) -> 0.23785359 | X12: =_xlfn.HYPGEOM.DIST($A1,$C$2,'Benchmarks by Card Role'!L$12,99,FALSE) -> 0.2126691 | Z12: =_xlfn.HYPGEOM.DIST($A1,$C$2,'Benchmarks by Card Role'!D$22,99,FALSE) -> 0.50187141 | AA12: =_xlfn.HYPGEOM.DIST($A1,$C$2,'Benchmarks by Card Role'!E$22,99,FALSE) -> 0.4527753 | AB12: =_xlfn.HYPGEOM.DIST($A1,$C$2,'Benchmarks by Card Role'!F$22,99,FALSE) -> 0.40799532 | AC12: =_xlfn.HYPGEOM.DIST($A1,$C$2,'Benchmarks by Card Role'!G$22,99,FALSE) -> 0.36719579 | AD12: =_xlfn.HYPGEOM.DIST($A1,$C$2,'Benchmarks by Card Role'!H$22,99,FALSE) -> 0.33006363 | AE12: =_xlfn.HYPGEOM.DIST($A1,$C$2,'Benchmarks by Card Role'!I$22,99,FALSE) -> 0.29630712 | AF12: =_xlfn.HYPGEOM.DIST($A1,$C$2,'Benchmarks by Card Role'!J$22,99,FALSE) -> 0.26565466 | AG12: =_xlfn.HYPGEOM.DIST($A1,$C$2,'Benchmarks by Card Role'!K$22,99,FALSE) -> 0.23785359 | AH12: =_xlfn.HYPGEOM.DIST($A1,$C$2,'Benchmarks by Card Role'!L$22,99,FALSE) -> 0.2126691 | AJ12: =_xlfn.HYPGEOM.DIST($A1,$C$2,'Benchmarks by Card Role'!D$32,99,FALSE) -> 1 | AK12: =_xlfn.HYPGEOM.DIST($A1,$C$2,'Benchmarks by Card Role'!E$32,99,FALSE) -> 0.90909091 | AL12: =_xlfn.HYPGEOM.DIST($A1,$C$2,'Benchmarks by Card Role'!F$32,99,FALSE) -> 0.82560297 | AM12: =_xlfn.HYPGEOM.DIST($A1,$C$2,'Benchmarks by Card Role'!G$32,99,FALSE) -> 0.74900063 | AN12: =_xlfn.HYPGEOM.DIST($A1,$C$2,'Benchmarks by Card Role'!H$32,99,FALSE) -> 0.67878182 | AO12: =_xlfn.HYPGEOM.DIST($A1,$C$2,'Benchmarks by Card Role'!I$32,99,FALSE) -> 0.61447618 | AP12: =_xlfn.HYPGEOM.DIST($A1,$C$2,'Benchmarks by Card Role'!J$32,99,FALSE) -> 0.55564335 | AQ12: =_xlfn.HYPGEOM.DIST($A1,$C$2,'Benchmarks by Card Role'!K$32,99,FALSE) -> 0.50187141 | AR12: =_xlfn.HYPGEOM.DIST($A1,$C$2,'Benchmarks by Card Role'!L$32,99,FALSE) -> 0.4527753 | AT12: =_xlfn.HYPGEOM.DIST($A1,$C$2,'Benchmarks by Card Role'!D$42,99,FALSE) -> 0.40799532 | AU12: =_xlfn.HYPGEOM.DIST($A1,$C$2,'Benchmarks by Card Role'!E$42,99,FALSE) -> 0.36719579 | AV12: =_xlfn.HYPGEOM.DIST($A1,$C$2,'Benchmarks by Card Role'!F$42,99,FALSE) -> 0.33006363 | AW12: =_xlfn.HYPGEOM.DIST($A1,$C$2,'Benchmarks by Card Role'!G$42,99,FALSE) -> 0.29630712 | AX12: =_xlfn.HYPGEOM.DIST($A1,$C$2,'Benchmarks by Card Role'!H$42,99,FALSE) -> 0.26565466 | AY12: =_xlfn.HYPGEOM.DIST($A1,$C$2,'Benchmarks by Card Role'!I$42,99,FALSE) -> 0.23785359 | AZ12: =_xlfn.HYPGEOM.DIST($A1,$C$2,'Benchmarks by Card Role'!J$42,99,FALSE) -> 0.2126691 | BA12: =_xlfn.HYPGEOM.DIST($A1,$C$2,'Benchmarks by Card Role'!K$42,99,FALSE) -> 0.18988312 | BB12: =_xlfn.HYPGEOM.DIST($A1,$C$2,'Benchmarks by Card Role'!L$42,99,FALSE) -> 0.16929338
F13: =_xlfn.HYPGEOM.DIST($A2,$C$2,'Benchmarks by Card Role'!D$2,99,FALSE) -> 0.15815441 | G13: =_xlfn.HYPGEOM.DIST($A2,$C$2,'Benchmarks by Card Role'!E$2,99,FALSE) -> 0.14490995 | H13: =_xlfn.HYPGEOM.DIST($A2,$C$2,'Benchmarks by Card Role'!F$2,99,FALSE) -> 0.13237909 | I13: =_xlfn.HYPGEOM.DIST($A2,$C$2,'Benchmarks by Card Role'!G$2,99,FALSE) -> 0.12057299 | J13: =_xlfn.HYPGEOM.DIST($A2,$C$2,'Benchmarks by Card Role'!H$2,99,FALSE) -> 0.10949422 | K13: =_xlfn.HYPGEOM.DIST($A2,$C$2,'Benchmarks by Card Role'!I$2,99,FALSE) -> 0.099138016 | L13: =_xlfn.HYPGEOM.DIST($A2,$C$2,'Benchmarks by Card Role'!J$2,99,FALSE) -> 0.089493367 | M13: =_xlfn.HYPGEOM.DIST($A2,$C$2,'Benchmarks by Card Role'!K$2,99,FALSE) -> 0.08054403 | N13: =_xlfn.HYPGEOM.DIST($A2,$C$2,'Benchmarks by Card Role'!L$2,99,FALSE) -> 0.072269445 | P13: =_xlfn.HYPGEOM.DIST($A2,$C$2,'Benchmarks by Card Role'!D$12,99,FALSE) -> 0.37640356 | Q13: =_xlfn.HYPGEOM.DIST($A2,$C$2,'Benchmarks by Card Role'!E$12,99,FALSE) -> 0.39276893 | R13: =_xlfn.HYPGEOM.DIST($A2,$C$2,'Benchmarks by Card Role'!F$12,99,FALSE) -> 0.40301977 | S13: =_xlfn.HYPGEOM.DIST($A2,$C$2,'Benchmarks by Card Role'!G$12,99,FALSE) -> 0.40799532 | T13: =_xlfn.HYPGEOM.DIST($A2,$C$2,'Benchmarks by Card Role'!H$12,99,FALSE) -> 0.40845374 | U13: =_xlfn.HYPGEOM.DIST($A2,$C$2,'Benchmarks by Card Role'!I$12,99,FALSE) -> 0.40507809 | V13: =_xlfn.HYPGEOM.DIST($A2,$C$2,'Benchmarks by Card Role'!J$12,99,FALSE) -> 0.39848199 | W13: =_xlfn.HYPGEOM.DIST($A2,$C$2,'Benchmarks by Card Role'!K$12,99,FALSE) -> 0.38921497 | X13: =_xlfn.HYPGEOM.DIST($A2,$C$2,'Benchmarks by Card Role'!L$12,99,FALSE) -> 0.37776747 | Z13: =_xlfn.HYPGEOM.DIST($A2,$C$2,'Benchmarks by Card Role'!D$22,99,FALSE) -> 0.37640356 | AA13: =_xlfn.HYPGEOM.DIST($A2,$C$2,'Benchmarks by Card Role'!E$22,99,FALSE) -> 0.39276893 | AB13: =_xlfn.HYPGEOM.DIST($A2,$C$2,'Benchmarks by Card Role'!F$22,99,FALSE) -> 0.40301977 | AC13: =_xlfn.HYPGEOM.DIST($A2,$C$2,'Benchmarks by Card Role'!G$22,99,FALSE) -> 0.40799532 | AD13: =_xlfn.HYPGEOM.DIST($A2,$C$2,'Benchmarks by Card Role'!H$22,99,FALSE) -> 0.40845374 | AE13: =_xlfn.HYPGEOM.DIST($A2,$C$2,'Benchmarks by Card Role'!I$22,99,FALSE) -> 0.40507809 | AF13: =_xlfn.HYPGEOM.DIST($A2,$C$2,'Benchmarks by Card Role'!J$22,99,FALSE) -> 0.39848199 | AG13: =_xlfn.HYPGEOM.DIST($A2,$C$2,'Benchmarks by Card Role'!K$22,99,FALSE) -> 0.38921497 | AH13: =_xlfn.HYPGEOM.DIST($A2,$C$2,'Benchmarks by Card Role'!L$22,99,FALSE) -> 0.37776747 | AJ13: =_xlfn.HYPGEOM.DIST($A2,$C$2,'Benchmarks by Card Role'!D$32,99,FALSE) -> 0 | AK13: =_xlfn.HYPGEOM.DIST($A2,$C$2,'Benchmarks by Card Role'!E$32,99,FALSE) -> 0.090909091 | AL13: =_xlfn.HYPGEOM.DIST($A2,$C$2,'Benchmarks by Card Role'!F$32,99,FALSE) -> 0.16697588 | AM13: =_xlfn.HYPGEOM.DIST($A2,$C$2,'Benchmarks by Card Role'!G$32,99,FALSE) -> 0.22980701 | AN13: =_xlfn.HYPGEOM.DIST($A2,$C$2,'Benchmarks by Card Role'!H$32,99,FALSE) -> 0.28087524 | AO13: =_xlfn.HYPGEOM.DIST($A2,$C$2,'Benchmarks by Card Role'!I$32,99,FALSE) -> 0.32152823 | AP13: =_xlfn.HYPGEOM.DIST($A2,$C$2,'Benchmarks by Card Role'!J$32,99,FALSE) -> 0.35299695 | AQ13: =_xlfn.HYPGEOM.DIST($A2,$C$2,'Benchmarks by Card Role'!K$32,99,FALSE) -> 0.37640356 | AR13: =_xlfn.HYPGEOM.DIST($A2,$C$2,'Benchmarks by Card Role'!L$32,99,FALSE) -> 0.39276893 | AT13: =_xlfn.HYPGEOM.DIST($A2,$C$2,'Benchmarks by Card Role'!D$42,99,FALSE) -> 0.40301977 | AU13: =_xlfn.HYPGEOM.DIST($A2,$C$2,'Benchmarks by Card Role'!E$42,99,FALSE) -> 0.40799532 | AV13: =_xlfn.HYPGEOM.DIST($A2,$C$2,'Benchmarks by Card Role'!F$42,99,FALSE) -> 0.40845374 | AW13: =_xlfn.HYPGEOM.DIST($A2,$C$2,'Benchmarks by Card Role'!G$42,99,FALSE) -> 0.40507809 | AX13: =_xlfn.HYPGEOM.DIST($A2,$C$2,'Benchmarks by Card Role'!H$42,99,FALSE) -> 0.39848199 | AY13: =_xlfn.HYPGEOM.DIST($A2,$C$2,'Benchmarks by Card Role'!I$42,99,FALSE) -> 0.38921497 | AZ13: =_xlfn.HYPGEOM.DIST($A2,$C$2,'Benchmarks by Card Role'!J$42,99,FALSE) -> 0.37776747 | BA13: =_xlfn.HYPGEOM.DIST($A2,$C$2,'Benchmarks by Card Role'!K$42,99,FALSE) -> 0.36457559 | BB13: =_xlfn.HYPGEOM.DIST($A2,$C$2,'Benchmarks by Card Role'!L$42,99,FALSE) -> 0.35002551
F14: =_xlfn.HYPGEOM.DIST($A3,$C$2,'Benchmarks by Card Role'!D$2,99,FALSE) -> 0.28116339 | G14: =_xlfn.HYPGEOM.DIST($A3,$C$2,'Benchmarks by Card Role'!E$2,99,FALSE) -> 0.27112184 | H14: =_xlfn.HYPGEOM.DIST($A3,$C$2,'Benchmarks by Card Role'!F$2,99,FALSE) -> 0.26041788 | I14: =_xlfn.HYPGEOM.DIST($A3,$C$2,'Benchmarks by Card Role'!G$2,99,FALSE) -> 0.24918417 | J14: =_xlfn.HYPGEOM.DIST($A3,$C$2,'Benchmarks by Card Role'!H$2,99,FALSE) -> 0.23754678 | K14: =_xlfn.HYPGEOM.DIST($A3,$C$2,'Benchmarks by Card Role'!I$2,99,FALSE) -> 0.22562445 | L14: =_xlfn.HYPGEOM.DIST($A3,$C$2,'Benchmarks by Card Role'!J$2,99,FALSE) -> 0.21352803 | M14: =_xlfn.HYPGEOM.DIST($A3,$C$2,'Benchmarks by Card Role'!K$2,99,FALSE) -> 0.20136008 | N14: =_xlfn.HYPGEOM.DIST($A3,$C$2,'Benchmarks by Card Role'!L$2,99,FALSE) -> 0.18921455 | P14: =_xlfn.HYPGEOM.DIST($A3,$C$2,'Benchmarks by Card Role'!D$12,99,FALSE) -> 0.10627865 | Q14: =_xlfn.HYPGEOM.DIST($A3,$C$2,'Benchmarks by Card Role'!E$12,99,FALSE) -> 0.13092298 | R14: =_xlfn.HYPGEOM.DIST($A3,$C$2,'Benchmarks by Card Role'!F$12,99,FALSE) -> 0.15538112 | S14: =_xlfn.HYPGEOM.DIST($A3,$C$2,'Benchmarks by Card Role'!G$12,99,FALSE) -> 0.1791199 | T14: =_xlfn.HYPGEOM.DIST($A3,$C$2,'Benchmarks by Card Role'!H$12,99,FALSE) -> 0.20170555 | U14: =_xlfn.HYPGEOM.DIST($A3,$C$2,'Benchmarks by Card Role'!I$12,99,FALSE) -> 0.22279295 | V14: =_xlfn.HYPGEOM.DIST($A3,$C$2,'Benchmarks by Card Role'!J$12,99,FALSE) -> 0.24211564 | W14: =_xlfn.HYPGEOM.DIST($A3,$C$2,'Benchmarks by Card Role'!K$12,99,FALSE) -> 0.25947665 | X14: =_xlfn.HYPGEOM.DIST($A3,$C$2,'Benchmarks by Card Role'!L$12,99,FALSE) -> 0.27473998 | Z14: =_xlfn.HYPGEOM.DIST($A3,$C$2,'Benchmarks by Card Role'!D$22,99,FALSE) -> 0.10627865 | AA14: =_xlfn.HYPGEOM.DIST($A3,$C$2,'Benchmarks by Card Role'!E$22,99,FALSE) -> 0.13092298 | AB14: =_xlfn.HYPGEOM.DIST($A3,$C$2,'Benchmarks by Card Role'!F$22,99,FALSE) -> 0.15538112 | AC14: =_xlfn.HYPGEOM.DIST($A3,$C$2,'Benchmarks by Card Role'!G$22,99,FALSE) -> 0.1791199 | AD14: =_xlfn.HYPGEOM.DIST($A3,$C$2,'Benchmarks by Card Role'!H$22,99,FALSE) -> 0.20170555 | AE14: =_xlfn.HYPGEOM.DIST($A3,$C$2,'Benchmarks by Card Role'!I$22,99,FALSE) -> 0.22279295 | AF14: =_xlfn.HYPGEOM.DIST($A3,$C$2,'Benchmarks by Card Role'!J$22,99,FALSE) -> 0.24211564 | AG14: =_xlfn.HYPGEOM.DIST($A3,$C$2,'Benchmarks by Card Role'!K$22,99,FALSE) -> 0.25947665 | AH14: =_xlfn.HYPGEOM.DIST($A3,$C$2,'Benchmarks by Card Role'!L$22,99,FALSE) -> 0.27473998 | AJ14: =_xlfn.HYPGEOM.DIST($A3,$C$2,'Benchmarks by Card Role'!D$32,99,FALSE) -> 0 | AK14: =_xlfn.HYPGEOM.DIST($A3,$C$2,'Benchmarks by Card Role'!E$32,99,FALSE) -> 0 | AL14: =_xlfn.HYPGEOM.DIST($A3,$C$2,'Benchmarks by Card Role'!F$32,99,FALSE) -> 0.0074211503 | AM14: =_xlfn.HYPGEOM.DIST($A3,$C$2,'Benchmarks by Card Role'!G$32,99,FALSE) -> 0.02065681 | AN14: =_xlfn.HYPGEOM.DIST($A3,$C$2,'Benchmarks by Card Role'!H$32,99,FALSE) -> 0.038301169 | AO14: =_xlfn.HYPGEOM.DIST($A3,$C$2,'Benchmarks by Card Role'!I$32,99,FALSE) -> 0.059131629 | AP14: =_xlfn.HYPGEOM.DIST($A3,$C$2,'Benchmarks by Card Role'!J$32,99,FALSE) -> 0.082092314 | AQ14: =_xlfn.HYPGEOM.DIST($A3,$C$2,'Benchmarks by Card Role'!K$32,99,FALSE) -> 0.10627865 | AR14: =_xlfn.HYPGEOM.DIST($A3,$C$2,'Benchmarks by Card Role'!L$32,99,FALSE) -> 0.13092298 | AT14: =_xlfn.HYPGEOM.DIST($A3,$C$2,'Benchmarks by Card Role'!D$42,99,FALSE) -> 0.15538112 | AU14: =_xlfn.HYPGEOM.DIST($A3,$C$2,'Benchmarks by Card Role'!E$42,99,FALSE) -> 0.1791199 | AV14: =_xlfn.HYPGEOM.DIST($A3,$C$2,'Benchmarks by Card Role'!F$42,99,FALSE) -> 0.20170555 | AW14: =_xlfn.HYPGEOM.DIST($A3,$C$2,'Benchmarks by Card Role'!G$42,99,FALSE) -> 0.22279295 | AX14: =_xlfn.HYPGEOM.DIST($A3,$C$2,'Benchmarks by Card Role'!H$42,99,FALSE) -> 0.24211564 | AY14: =_xlfn.HYPGEOM.DIST($A3,$C$2,'Benchmarks by Card Role'!I$42,99,FALSE) -> 0.25947665 | AZ14: =_xlfn.HYPGEOM.DIST($A3,$C$2,'Benchmarks by Card Role'!J$42,99,FALSE) -> 0.27473998 | BA14: =_xlfn.HYPGEOM.DIST($A3,$C$2,'Benchmarks by Card Role'!K$42,99,FALSE) -> 0.28782284 | BB14: =_xlfn.HYPGEOM.DIST($A3,$C$2,'Benchmarks by Card Role'!L$42,99,FALSE) -> 0.29868844
F15: =_xlfn.HYPGEOM.DIST($A4,$C$2,'Benchmarks by Card Role'!D$2,99,FALSE) -> 0.27677022 | G15: =_xlfn.HYPGEOM.DIST($A4,$C$2,'Benchmarks by Card Role'!E$2,99,FALSE) -> 0.28116339 | H15: =_xlfn.HYPGEOM.DIST($A4,$C$2,'Benchmarks by Card Role'!F$2,99,FALSE) -> 0.28421952 | I15: =_xlfn.HYPGEOM.DIST($A4,$C$2,'Benchmarks by Card Role'!G$2,99,FALSE) -> 0.28594905 | J15: =_xlfn.HYPGEOM.DIST($A4,$C$2,'Benchmarks by Card Role'!H$2,99,FALSE) -> 0.28637584 | K15: =_xlfn.HYPGEOM.DIST($A4,$C$2,'Benchmarks by Card Role'!I$2,99,FALSE) -> 0.28553603 | L15: =_xlfn.HYPGEOM.DIST($A4,$C$2,'Benchmarks by Card Role'!J$2,99,FALSE) -> 0.28347687 | M15: =_xlfn.HYPGEOM.DIST($A4,$C$2,'Benchmarks by Card Role'!K$2,99,FALSE) -> 0.28025554 | N15: =_xlfn.HYPGEOM.DIST($A4,$C$2,'Benchmarks by Card Role'!L$2,99,FALSE) -> 0.27593788 | P15: =_xlfn.HYPGEOM.DIST($A4,$C$2,'Benchmarks by Card Role'!D$12,99,FALSE) -> 0.014417647 | Q15: =_xlfn.HYPGEOM.DIST($A4,$C$2,'Benchmarks by Card Role'!E$12,99,FALSE) -> 0.021563785 | R15: =_xlfn.HYPGEOM.DIST($A4,$C$2,'Benchmarks by Card Role'!F$12,99,FALSE) -> 0.030212995 | S15: =_xlfn.HYPGEOM.DIST($A4,$C$2,'Benchmarks by Card Role'!G$12,99,FALSE) -> 0.040283993 | T15: =_xlfn.HYPGEOM.DIST($A4,$C$2,'Benchmarks by Card Role'!H$12,99,FALSE) -> 0.0516563 | U15: =_xlfn.HYPGEOM.DIST($A4,$C$2,'Benchmarks by Card Role'!I$12,99,FALSE) -> 0.064179039 | V15: =_xlfn.HYPGEOM.DIST($A4,$C$2,'Benchmarks by Card Role'!J$12,99,FALSE) -> 0.077678768 | W15: =_xlfn.HYPGEOM.DIST($A4,$C$2,'Benchmarks by Card Role'!K$12,99,FALSE) -> 0.091966407 | X15: =_xlfn.HYPGEOM.DIST($A4,$C$2,'Benchmarks by Card Role'!L$12,99,FALSE) -> 0.10684333 | Z15: =_xlfn.HYPGEOM.DIST($A4,$C$2,'Benchmarks by Card Role'!D$22,99,FALSE) -> 0.014417647 | AA15: =_xlfn.HYPGEOM.DIST($A4,$C$2,'Benchmarks by Card Role'!E$22,99,FALSE) -> 0.021563785 | AB15: =_xlfn.HYPGEOM.DIST($A4,$C$2,'Benchmarks by Card Role'!F$22,99,FALSE) -> 0.030212995 | AC15: =_xlfn.HYPGEOM.DIST($A4,$C$2,'Benchmarks by Card Role'!G$22,99,FALSE) -> 0.040283993 | AD15: =_xlfn.HYPGEOM.DIST($A4,$C$2,'Benchmarks by Card Role'!H$22,99,FALSE) -> 0.0516563 | AE15: =_xlfn.HYPGEOM.DIST($A4,$C$2,'Benchmarks by Card Role'!I$22,99,FALSE) -> 0.064179039 | AF15: =_xlfn.HYPGEOM.DIST($A4,$C$2,'Benchmarks by Card Role'!J$22,99,FALSE) -> 0.077678768 | AG15: =_xlfn.HYPGEOM.DIST($A4,$C$2,'Benchmarks by Card Role'!K$22,99,FALSE) -> 0.091966407 | AH15: =_xlfn.HYPGEOM.DIST($A4,$C$2,'Benchmarks by Card Role'!L$22,99,FALSE) -> 0.10684333 | AJ15: =_xlfn.HYPGEOM.DIST($A4,$C$2,'Benchmarks by Card Role'!D$32,99,FALSE) -> 0 | AK15: =_xlfn.HYPGEOM.DIST($A4,$C$2,'Benchmarks by Card Role'!E$32,99,FALSE) -> 0 | AL15: =_xlfn.HYPGEOM.DIST($A4,$C$2,'Benchmarks by Card Role'!F$32,99,FALSE) -> 0 | AM15: =_xlfn.HYPGEOM.DIST($A4,$C$2,'Benchmarks by Card Role'!G$32,99,FALSE) -> 0.00053554693 | AN15: =_xlfn.HYPGEOM.DIST($A4,$C$2,'Benchmarks by Card Role'!H$32,99,FALSE) -> 0.002008301 | AO15: =_xlfn.HYPGEOM.DIST($A4,$C$2,'Benchmarks by Card Role'!I$32,99,FALSE) -> 0.0047036523 | AP15: =_xlfn.HYPGEOM.DIST($A4,$C$2,'Benchmarks by Card Role'!J$32,99,FALSE) -> 0.0088068383 | AQ15: =_xlfn.HYPGEOM.DIST($A4,$C$2,'Benchmarks by Card Role'!K$32,99,FALSE) -> 0.014417647 | AR15: =_xlfn.HYPGEOM.DIST($A4,$C$2,'Benchmarks by Card Role'!L$32,99,FALSE) -> 0.021563785 | AT15: =_xlfn.HYPGEOM.DIST($A4,$C$2,'Benchmarks by Card Role'!D$42,99,FALSE) -> 0.030212995 | AU15: =_xlfn.HYPGEOM.DIST($A4,$C$2,'Benchmarks by Card Role'!E$42,99,FALSE) -> 0.040283993 | AV15: =_xlfn.HYPGEOM.DIST($A4,$C$2,'Benchmarks by Card Role'!F$42,99,FALSE) -> 0.0516563 | AW15: =_xlfn.HYPGEOM.DIST($A4,$C$2,'Benchmarks by Card Role'!G$42,99,FALSE) -> 0.064179039 | AX15: =_xlfn.HYPGEOM.DIST($A4,$C$2,'Benchmarks by Card Role'!H$42,99,FALSE) -> 0.077678768 | AY15: =_xlfn.HYPGEOM.DIST($A4,$C$2,'Benchmarks by Card Role'!I$42,99,FALSE) -> 0.091966407 | AZ15: =_xlfn.HYPGEOM.DIST($A4,$C$2,'Benchmarks by Card Role'!J$42,99,FALSE) -> 0.10684333 | BA15: =_xlfn.HYPGEOM.DIST($A4,$C$2,'Benchmarks by Card Role'!K$42,99,FALSE) -> 0.12210666 | BB15: =_xlfn.HYPGEOM.DIST($A4,$C$2,'Benchmarks by Card Role'!L$42,99,FALSE) -> 0.13755389
F16: =_xlfn.HYPGEOM.DIST($A5,$C$2,'Benchmarks by Card Role'!D$2,99,FALSE) -> 0.16606213 | G16: =_xlfn.HYPGEOM.DIST($A5,$C$2,'Benchmarks by Card Role'!E$2,99,FALSE) -> 0.17792371 | H16: =_xlfn.HYPGEOM.DIST($A5,$C$2,'Benchmarks by Card Role'!F$2,99,FALSE) -> 0.18947968 | I16: =_xlfn.HYPGEOM.DIST($A5,$C$2,'Benchmarks by Card Role'!G$2,99,FALSE) -> 0.20062554 | J16: =_xlfn.HYPGEOM.DIST($A5,$C$2,'Benchmarks by Card Role'!H$2,99,FALSE) -> 0.21126086 | K16: =_xlfn.HYPGEOM.DIST($A5,$C$2,'Benchmarks by Card Role'!I$2,99,FALSE) -> 0.22129042 | L16: =_xlfn.HYPGEOM.DIST($A5,$C$2,'Benchmarks by Card Role'!J$2,99,FALSE) -> 0.23062525 | M16: =_xlfn.HYPGEOM.DIST($A5,$C$2,'Benchmarks by Card Role'!K$2,99,FALSE) -> 0.23918361 | N16: =_xlfn.HYPGEOM.DIST($A5,$C$2,'Benchmarks by Card Role'!L$2,99,FALSE) -> 0.24689179 | P16: =_xlfn.HYPGEOM.DIST($A5,$C$2,'Benchmarks by Card Role'!D$12,99,FALSE) -> 0.00099432046 | Q16: =_xlfn.HYPGEOM.DIST($A5,$C$2,'Benchmarks by Card Role'!E$12,99,FALSE) -> 0.0018805626 | R16: =_xlfn.HYPGEOM.DIST($A5,$C$2,'Benchmarks by Card Role'!F$12,99,FALSE) -> 0.003199023 | S16: =_xlfn.HYPGEOM.DIST($A5,$C$2,'Benchmarks by Card Role'!G$12,99,FALSE) -> 0.0050354991 | T16: =_xlfn.HYPGEOM.DIST($A5,$C$2,'Benchmarks by Card Role'!H$12,99,FALSE) -> 0.0074683807 | U16: =_xlfn.HYPGEOM.DIST($A5,$C$2,'Benchmarks by Card Role'!I$12,99,FALSE) -> 0.010566061 | V16: =_xlfn.HYPGEOM.DIST($A5,$C$2,'Benchmarks by Card Role'!J$12,99,FALSE) -> 0.014384957 | W16: =_xlfn.HYPGEOM.DIST($A5,$C$2,'Benchmarks by Card Role'!K$12,99,FALSE) -> 0.018968071 | X16: =_xlfn.HYPGEOM.DIST($A5,$C$2,'Benchmarks by Card Role'!L$12,99,FALSE) -> 0.024344049 | Z16: =_xlfn.HYPGEOM.DIST($A5,$C$2,'Benchmarks by Card Role'!D$22,99,FALSE) -> 0.00099432046 | AA16: =_xlfn.HYPGEOM.DIST($A5,$C$2,'Benchmarks by Card Role'!E$22,99,FALSE) -> 0.0018805626 | AB16: =_xlfn.HYPGEOM.DIST($A5,$C$2,'Benchmarks by Card Role'!F$22,99,FALSE) -> 0.003199023 | AC16: =_xlfn.HYPGEOM.DIST($A5,$C$2,'Benchmarks by Card Role'!G$22,99,FALSE) -> 0.0050354991 | AD16: =_xlfn.HYPGEOM.DIST($A5,$C$2,'Benchmarks by Card Role'!H$22,99,FALSE) -> 0.0074683807 | AE16: =_xlfn.HYPGEOM.DIST($A5,$C$2,'Benchmarks by Card Role'!I$22,99,FALSE) -> 0.010566061 | AF16: =_xlfn.HYPGEOM.DIST($A5,$C$2,'Benchmarks by Card Role'!J$22,99,FALSE) -> 0.014384957 | AG16: =_xlfn.HYPGEOM.DIST($A5,$C$2,'Benchmarks by Card Role'!K$22,99,FALSE) -> 0.018968071 | AH16: =_xlfn.HYPGEOM.DIST($A5,$C$2,'Benchmarks by Card Role'!L$22,99,FALSE) -> 0.024344049 | AJ16: =_xlfn.HYPGEOM.DIST($A5,$C$2,'Benchmarks by Card Role'!D$32,99,FALSE) -> 0 | AK16: =_xlfn.HYPGEOM.DIST($A5,$C$2,'Benchmarks by Card Role'!E$32,99,FALSE) -> 0 | AL16: =_xlfn.HYPGEOM.DIST($A5,$C$2,'Benchmarks by Card Role'!F$32,99,FALSE) -> 0 | AM16: =_xlfn.HYPGEOM.DIST($A5,$C$2,'Benchmarks by Card Role'!G$32,99,FALSE) -> 0 | AN16: =_xlfn.HYPGEOM.DIST($A5,$C$2,'Benchmarks by Card Role'!H$32,99,FALSE) -> 3.3471683e-05 | AO16: =_xlfn.HYPGEOM.DIST($A5,$C$2,'Benchmarks by Card Role'!I$32,99,FALSE) -> 0.00015855008 | AP16: =_xlfn.HYPGEOM.DIST($A5,$C$2,'Benchmarks by Card Role'!J$32,99,FALSE) -> 0.00045034969 | AQ16: =_xlfn.HYPGEOM.DIST($A5,$C$2,'Benchmarks by Card Role'!K$32,99,FALSE) -> 0.00099432046 | AR16: =_xlfn.HYPGEOM.DIST($A5,$C$2,'Benchmarks by Card Role'!L$32,99,FALSE) -> 0.0018805626 | AT16: =_xlfn.HYPGEOM.DIST($A5,$C$2,'Benchmarks by Card Role'!D$42,99,FALSE) -> 0.003199023 | AU16: =_xlfn.HYPGEOM.DIST($A5,$C$2,'Benchmarks by Card Role'!E$42,99,FALSE) -> 0.0050354991 | AV16: =_xlfn.HYPGEOM.DIST($A5,$C$2,'Benchmarks by Card Role'!F$42,99,FALSE) -> 0.0074683807 | AW16: =_xlfn.HYPGEOM.DIST($A5,$C$2,'Benchmarks by Card Role'!G$42,99,FALSE) -> 0.010566061 | AX16: =_xlfn.HYPGEOM.DIST($A5,$C$2,'Benchmarks by Card Role'!H$42,99,FALSE) -> 0.014384957 | AY16: =_xlfn.HYPGEOM.DIST($A5,$C$2,'Benchmarks by Card Role'!I$42,99,FALSE) -> 0.018968071 | AZ16: =_xlfn.HYPGEOM.DIST($A5,$C$2,'Benchmarks by Card Role'!J$42,99,FALSE) -> 0.024344049 | BA16: =_xlfn.HYPGEOM.DIST($A5,$C$2,'Benchmarks by Card Role'!K$42,99,FALSE) -> 0.030526664 | BB16: =_xlfn.HYPGEOM.DIST($A5,$C$2,'Benchmarks by Card Role'!L$42,99,FALSE) -> 0.037514696
F17: =_xlfn.HYPGEOM.DIST($A6,$C$2,'Benchmarks by Card Role'!D$2,99,FALSE) -> 0.062902322 | G17: =_xlfn.HYPGEOM.DIST($A6,$C$2,'Benchmarks by Card Role'!E$2,99,FALSE) -> 0.071169484 | H17: =_xlfn.HYPGEOM.DIST($A6,$C$2,'Benchmarks by Card Role'!F$2,99,FALSE) -> 0.079936739 | I17: =_xlfn.HYPGEOM.DIST($A6,$C$2,'Benchmarks by Card Role'!G$2,99,FALSE) -> 0.089166908 | J17: =_xlfn.HYPGEOM.DIST($A6,$C$2,'Benchmarks by Card Role'!H$2,99,FALSE) -> 0.098815566 | K17: =_xlfn.HYPGEOM.DIST($A6,$C$2,'Benchmarks by Card Role'!I$2,99,FALSE) -> 0.10883135 | L17: =_xlfn.HYPGEOM.DIST($A6,$C$2,'Benchmarks by Card Role'!J$2,99,FALSE) -> 0.11915638 | M17: =_xlfn.HYPGEOM.DIST($A6,$C$2,'Benchmarks by Card Role'!K$2,99,FALSE) -> 0.1297267 | N17: =_xlfn.HYPGEOM.DIST($A6,$C$2,'Benchmarks by Card Role'!L$2,99,FALSE) -> 0.14047291 | P17: =_xlfn.HYPGEOM.DIST($A6,$C$2,'Benchmarks by Card Role'!D$12,99,FALSE) -> 3.3897288e-05 | Q17: =_xlfn.HYPGEOM.DIST($A6,$C$2,'Benchmarks by Card Role'!E$12,99,FALSE) -> 8.6462648e-05 | R17: =_xlfn.HYPGEOM.DIST($A6,$C$2,'Benchmarks by Card Role'!F$12,99,FALSE) -> 0.00018598971 | S17: =_xlfn.HYPGEOM.DIST($A6,$C$2,'Benchmarks by Card Role'!G$12,99,FALSE) -> 0.000355447 | T17: =_xlfn.HYPGEOM.DIST($A6,$C$2,'Benchmarks by Card Role'!H$12,99,FALSE) -> 0.00062236506 | U17: =_xlfn.HYPGEOM.DIST($A6,$C$2,'Benchmarks by Card Role'!I$12,99,FALSE) -> 0.0010184156 | V17: =_xlfn.HYPGEOM.DIST($A6,$C$2,'Benchmarks by Card Role'!J$12,99,FALSE) -> 0.0015788368 | W17: =_xlfn.HYPGEOM.DIST($A6,$C$2,'Benchmarks by Card Role'!K$12,99,FALSE) -> 0.0023417372 | X17: =_xlfn.HYPGEOM.DIST($A6,$C$2,'Benchmarks by Card Role'!L$12,99,FALSE) -> 0.0033473067 | Z17: =_xlfn.HYPGEOM.DIST($A6,$C$2,'Benchmarks by Card Role'!D$22,99,FALSE) -> 3.3897288e-05 | AA17: =_xlfn.HYPGEOM.DIST($A6,$C$2,'Benchmarks by Card Role'!E$22,99,FALSE) -> 8.6462648e-05 | AB17: =_xlfn.HYPGEOM.DIST($A6,$C$2,'Benchmarks by Card Role'!F$22,99,FALSE) -> 0.00018598971 | AC17: =_xlfn.HYPGEOM.DIST($A6,$C$2,'Benchmarks by Card Role'!G$22,99,FALSE) -> 0.000355447 | AD17: =_xlfn.HYPGEOM.DIST($A6,$C$2,'Benchmarks by Card Role'!H$22,99,FALSE) -> 0.00062236506 | AE17: =_xlfn.HYPGEOM.DIST($A6,$C$2,'Benchmarks by Card Role'!I$22,99,FALSE) -> 0.0010184156 | AF17: =_xlfn.HYPGEOM.DIST($A6,$C$2,'Benchmarks by Card Role'!J$22,99,FALSE) -> 0.0015788368 | AG17: =_xlfn.HYPGEOM.DIST($A6,$C$2,'Benchmarks by Card Role'!K$22,99,FALSE) -> 0.0023417372 | AH17: =_xlfn.HYPGEOM.DIST($A6,$C$2,'Benchmarks by Card Role'!L$22,99,FALSE) -> 0.0033473067 | AJ17: =_xlfn.HYPGEOM.DIST($A6,$C$2,'Benchmarks by Card Role'!D$32,99,FALSE) -> 0 | AK17: =_xlfn.HYPGEOM.DIST($A6,$C$2,'Benchmarks by Card Role'!E$32,99,FALSE) -> 0 | AL17: =_xlfn.HYPGEOM.DIST($A6,$C$2,'Benchmarks by Card Role'!F$32,99,FALSE) -> 0 | AM17: =_xlfn.HYPGEOM.DIST($A6,$C$2,'Benchmarks by Card Role'!G$32,99,FALSE) -> 0 | AN17: =_xlfn.HYPGEOM.DIST($A6,$C$2,'Benchmarks by Card Role'!H$32,99,FALSE) -> 0 | AO17: =_xlfn.HYPGEOM.DIST($A6,$C$2,'Benchmarks by Card Role'!I$32,99,FALSE) -> 1.7616675e-06 | AP17: =_xlfn.HYPGEOM.DIST($A6,$C$2,'Benchmarks by Card Role'!J$32,99,FALSE) -> 1.0120218e-05 | AQ17: =_xlfn.HYPGEOM.DIST($A6,$C$2,'Benchmarks by Card Role'!K$32,99,FALSE) -> 3.3897288e-05 | AR17: =_xlfn.HYPGEOM.DIST($A6,$C$2,'Benchmarks by Card Role'!L$32,99,FALSE) -> 8.6462648e-05 | AT17: =_xlfn.HYPGEOM.DIST($A6,$C$2,'Benchmarks by Card Role'!D$42,99,FALSE) -> 0.00018598971 | AU17: =_xlfn.HYPGEOM.DIST($A6,$C$2,'Benchmarks by Card Role'!E$42,99,FALSE) -> 0.000355447 | AV17: =_xlfn.HYPGEOM.DIST($A6,$C$2,'Benchmarks by Card Role'!F$42,99,FALSE) -> 0.00062236506 | AW17: =_xlfn.HYPGEOM.DIST($A6,$C$2,'Benchmarks by Card Role'!G$42,99,FALSE) -> 0.0010184156 | AX17: =_xlfn.HYPGEOM.DIST($A6,$C$2,'Benchmarks by Card Role'!H$42,99,FALSE) -> 0.0015788368 | AY17: =_xlfn.HYPGEOM.DIST($A6,$C$2,'Benchmarks by Card Role'!I$42,99,FALSE) -> 0.0023417372 | AZ17: =_xlfn.HYPGEOM.DIST($A6,$C$2,'Benchmarks by Card Role'!J$42,99,FALSE) -> 0.0033473067 | BA17: =_xlfn.HYPGEOM.DIST($A6,$C$2,'Benchmarks by Card Role'!K$42,99,FALSE) -> 0.0046369617 | BB17: =_xlfn.HYPGEOM.DIST($A6,$C$2,'Benchmarks by Card Role'!L$42,99,FALSE) -> 0.0062524493
F18: =_xlfn.HYPGEOM.DIST($A7,$C$2,'Benchmarks by Card Role'!D$2,99,FALSE) -> 0.01502145 | G18: =_xlfn.HYPGEOM.DIST($A7,$C$2,'Benchmarks by Card Role'!E$2,99,FALSE) -> 0.017972092 | H18: =_xlfn.HYPGEOM.DIST($A7,$C$2,'Benchmarks by Card Role'!F$2,99,FALSE) -> 0.021316464 | I18: =_xlfn.HYPGEOM.DIST($A7,$C$2,'Benchmarks by Card Role'!G$2,99,FALSE) -> 0.025078193 | J18: =_xlfn.HYPGEOM.DIST($A7,$C$2,'Benchmarks by Card Role'!H$2,99,FALSE) -> 0.029278686 | K18: =_xlfn.HYPGEOM.DIST($A7,$C$2,'Benchmarks by Card Role'!I$2,99,FALSE) -> 0.033936659 | L18: =_xlfn.HYPGEOM.DIST($A7,$C$2,'Benchmarks by Card Role'!J$2,99,FALSE) -> 0.039067666 | M18: =_xlfn.HYPGEOM.DIST($A7,$C$2,'Benchmarks by Card Role'!K$2,99,FALSE) -> 0.044683643 | N18: =_xlfn.HYPGEOM.DIST($A7,$C$2,'Benchmarks by Card Role'!L$2,99,FALSE) -> 0.050792466 | P18: =_xlfn.HYPGEOM.DIST($A7,$C$2,'Benchmarks by Card Role'!D$12,99,FALSE) -> 5.0782454e-07 | Q18: =_xlfn.HYPGEOM.DIST($A7,$C$2,'Benchmarks by Card Role'!E$12,99,FALSE) -> 1.9650602e-06 | R18: =_xlfn.HYPGEOM.DIST($A7,$C$2,'Benchmarks by Card Role'!F$12,99,FALSE) -> 5.700834e-06 | S18: =_xlfn.HYPGEOM.DIST($A7,$C$2,'Benchmarks by Card Role'!G$12,99,FALSE) -> 1.3777015e-05 | T18: =_xlfn.HYPGEOM.DIST($A7,$C$2,'Benchmarks by Card Role'!H$12,99,FALSE) -> 2.9287768e-05 | U18: =_xlfn.HYPGEOM.DIST($A7,$C$2,'Benchmarks by Card Role'!I$12,99,FALSE) -> 5.6578642e-05 | V18: =_xlfn.HYPGEOM.DIST($A7,$C$2,'Benchmarks by Card Role'!J$12,99,FALSE) -> 0.00010145136 | W18: =_xlfn.HYPGEOM.DIST($A7,$C$2,'Benchmarks by Card Role'!K$12,99,FALSE) -> 0.00017134662 | X18: =_xlfn.HYPGEOM.DIST($A7,$C$2,'Benchmarks by Card Role'!L$12,99,FALSE) -> 0.00027549849 | Z18: =_xlfn.HYPGEOM.DIST($A7,$C$2,'Benchmarks by Card Role'!D$22,99,FALSE) -> 5.0782454e-07 | AA18: =_xlfn.HYPGEOM.DIST($A7,$C$2,'Benchmarks by Card Role'!E$22,99,FALSE) -> 1.9650602e-06 | AB18: =_xlfn.HYPGEOM.DIST($A7,$C$2,'Benchmarks by Card Role'!F$22,99,FALSE) -> 5.700834e-06 | AC18: =_xlfn.HYPGEOM.DIST($A7,$C$2,'Benchmarks by Card Role'!G$22,99,FALSE) -> 1.3777015e-05 | AD18: =_xlfn.HYPGEOM.DIST($A7,$C$2,'Benchmarks by Card Role'!H$22,99,FALSE) -> 2.9287768e-05 | AE18: =_xlfn.HYPGEOM.DIST($A7,$C$2,'Benchmarks by Card Role'!I$22,99,FALSE) -> 5.6578642e-05 | AF18: =_xlfn.HYPGEOM.DIST($A7,$C$2,'Benchmarks by Card Role'!J$22,99,FALSE) -> 0.00010145136 | AG18: =_xlfn.HYPGEOM.DIST($A7,$C$2,'Benchmarks by Card Role'!K$22,99,FALSE) -> 0.00017134662 | AH18: =_xlfn.HYPGEOM.DIST($A7,$C$2,'Benchmarks by Card Role'!L$22,99,FALSE) -> 0.00027549849 | AJ18: =_xlfn.HYPGEOM.DIST($A7,$C$2,'Benchmarks by Card Role'!D$32,99,FALSE) -> 0 | AK18: =_xlfn.HYPGEOM.DIST($A7,$C$2,'Benchmarks by Card Role'!E$32,99,FALSE) -> 0 | AL18: =_xlfn.HYPGEOM.DIST($A7,$C$2,'Benchmarks by Card Role'!F$32,99,FALSE) -> 0 | AM18: =_xlfn.HYPGEOM.DIST($A7,$C$2,'Benchmarks by Card Role'!G$32,99,FALSE) -> 0 | AN18: =_xlfn.HYPGEOM.DIST($A7,$C$2,'Benchmarks by Card Role'!H$32,99,FALSE) -> 0 | AO18: =_xlfn.HYPGEOM.DIST($A7,$C$2,'Benchmarks by Card Role'!I$32,99,FALSE) -> 0 | AP18: =_xlfn.HYPGEOM.DIST($A7,$C$2,'Benchmarks by Card Role'!J$32,99,FALSE) -> 7.4964575e-08 | AQ18: =_xlfn.HYPGEOM.DIST($A7,$C$2,'Benchmarks by Card Role'!K$32,99,FALSE) -> 5.0782454e-07 | AR18: =_xlfn.HYPGEOM.DIST($A7,$C$2,'Benchmarks by Card Role'!L$32,99,FALSE) -> 1.9650602e-06 | AT18: =_xlfn.HYPGEOM.DIST($A7,$C$2,'Benchmarks by Card Role'!D$42,99,FALSE) -> 5.700834e-06 | AU18: =_xlfn.HYPGEOM.DIST($A7,$C$2,'Benchmarks by Card Role'!E$42,99,FALSE) -> 1.3777015e-05 | AV18: =_xlfn.HYPGEOM.DIST($A7,$C$2,'Benchmarks by Card Role'!F$42,99,FALSE) -> 2.9287768e-05 | AW18: =_xlfn.HYPGEOM.DIST($A7,$C$2,'Benchmarks by Card Role'!G$42,99,FALSE) -> 5.6578642e-05 | AX18: =_xlfn.HYPGEOM.DIST($A7,$C$2,'Benchmarks by Card Role'!H$42,99,FALSE) -> 0.00010145136 | AY18: =_xlfn.HYPGEOM.DIST($A7,$C$2,'Benchmarks by Card Role'!I$42,99,FALSE) -> 0.00017134662 | AZ18: =_xlfn.HYPGEOM.DIST($A7,$C$2,'Benchmarks by Card Role'!J$42,99,FALSE) -> 0.00027549849 | BA18: =_xlfn.HYPGEOM.DIST($A7,$C$2,'Benchmarks by Card Role'!K$42,99,FALSE) -> 0.00042505482 | BB18: =_xlfn.HYPGEOM.DIST($A7,$C$2,'Benchmarks by Card Role'!L$42,99,FALSE) -> 0.00063315943
F19: =_xlfn.HYPGEOM.DIST($A8,$C$2,'Benchmarks by Card Role'!D$2,99,FALSE) -> 0.0021774791 | G19: =_xlfn.HYPGEOM.DIST($A8,$C$2,'Benchmarks by Card Role'!E$2,99,FALSE) -> 0.0027590418 | H19: =_xlfn.HYPGEOM.DIST($A8,$C$2,'Benchmarks by Card Role'!F$2,99,FALSE) -> 0.0034604649 | I19: =_xlfn.HYPGEOM.DIST($A8,$C$2,'Benchmarks by Card Role'!G$2,99,FALSE) -> 0.0042991188 | J19: =_xlfn.HYPGEOM.DIST($A8,$C$2,'Benchmarks by Card Role'!H$2,99,FALSE) -> 0.005293691 | K19: =_xlfn.HYPGEOM.DIST($A8,$C$2,'Benchmarks by Card Role'!I$2,99,FALSE) -> 0.0064641255 | L19: =_xlfn.HYPGEOM.DIST($A8,$C$2,'Benchmarks by Card Role'!J$2,99,FALSE) -> 0.0078315367 | M19: =_xlfn.HYPGEOM.DIST($A8,$C$2,'Benchmarks by Card Role'!K$2,99,FALSE) -> 0.009418098 | N19: =_xlfn.HYPGEOM.DIST($A8,$C$2,'Benchmarks by Card Role'!L$2,99,FALSE) -> 0.011246903 | P19: =_xlfn.HYPGEOM.DIST($A8,$C$2,'Benchmarks by Card Role'!D$12,99,FALSE) -> 2.4182121e-09 | Q19: =_xlfn.HYPGEOM.DIST($A8,$C$2,'Benchmarks by Card Role'!E$12,99,FALSE) -> 1.8925138e-08 | R19: =_xlfn.HYPGEOM.DIST($A8,$C$2,'Benchmarks by Card Role'!F$12,99,FALSE) -> 8.3291405e-08 | S19: =_xlfn.HYPGEOM.DIST($A8,$C$2,'Benchmarks by Card Role'!G$12,99,FALSE) -> 2.7146828e-07 | T19: =_xlfn.HYPGEOM.DIST($A8,$C$2,'Benchmarks by Card Role'!H$12,99,FALSE) -> 7.2976165e-07 | U19: =_xlfn.HYPGEOM.DIST($A8,$C$2,'Benchmarks by Card Role'!I$12,99,FALSE) -> 1.7116228e-06 | V19: =_xlfn.HYPGEOM.DIST($A8,$C$2,'Benchmarks by Card Role'!J$12,99,FALSE) -> 3.6232628e-06 | W19: =_xlfn.HYPGEOM.DIST($A8,$C$2,'Benchmarks by Card Role'!K$12,99,FALSE) -> 7.0780017e-06 | X19: =_xlfn.HYPGEOM.DIST($A8,$C$2,'Benchmarks by Card Role'!L$12,99,FALSE) -> 1.2958988e-05 | Z19: =_xlfn.HYPGEOM.DIST($A8,$C$2,'Benchmarks by Card Role'!D$22,99,FALSE) -> 2.4182121e-09 | AA19: =_xlfn.HYPGEOM.DIST($A8,$C$2,'Benchmarks by Card Role'!E$22,99,FALSE) -> 1.8925138e-08 | AB19: =_xlfn.HYPGEOM.DIST($A8,$C$2,'Benchmarks by Card Role'!F$22,99,FALSE) -> 8.3291405e-08 | AC19: =_xlfn.HYPGEOM.DIST($A8,$C$2,'Benchmarks by Card Role'!G$22,99,FALSE) -> 2.7146828e-07 | AD19: =_xlfn.HYPGEOM.DIST($A8,$C$2,'Benchmarks by Card Role'!H$22,99,FALSE) -> 7.2976165e-07 | AE19: =_xlfn.HYPGEOM.DIST($A8,$C$2,'Benchmarks by Card Role'!I$22,99,FALSE) -> 1.7116228e-06 | AF19: =_xlfn.HYPGEOM.DIST($A8,$C$2,'Benchmarks by Card Role'!J$22,99,FALSE) -> 3.6232628e-06 | AG19: =_xlfn.HYPGEOM.DIST($A8,$C$2,'Benchmarks by Card Role'!K$22,99,FALSE) -> 7.0780017e-06 | AH19: =_xlfn.HYPGEOM.DIST($A8,$C$2,'Benchmarks by Card Role'!L$22,99,FALSE) -> 1.2958988e-05 | AJ19: =_xlfn.HYPGEOM.DIST($A8,$C$2,'Benchmarks by Card Role'!D$32,99,FALSE) -> 0 | AK19: =_xlfn.HYPGEOM.DIST($A8,$C$2,'Benchmarks by Card Role'!E$32,99,FALSE) -> 0 | AL19: =_xlfn.HYPGEOM.DIST($A8,$C$2,'Benchmarks by Card Role'!F$32,99,FALSE) -> 0 | AM19: =_xlfn.HYPGEOM.DIST($A8,$C$2,'Benchmarks by Card Role'!G$32,99,FALSE) -> 0 | AN19: =_xlfn.HYPGEOM.DIST($A8,$C$2,'Benchmarks by Card Role'!H$32,99,FALSE) -> 0 | AO19: =_xlfn.HYPGEOM.DIST($A8,$C$2,'Benchmarks by Card Role'!I$32,99,FALSE) -> 0 | AP19: =_xlfn.HYPGEOM.DIST($A8,$C$2,'Benchmarks by Card Role'!J$32,99,FALSE) -> 0 | AQ19: =_xlfn.HYPGEOM.DIST($A8,$C$2,'Benchmarks by Card Role'!K$32,99,FALSE) -> 2.4182121e-09 | AR19: =_xlfn.HYPGEOM.DIST($A8,$C$2,'Benchmarks by Card Role'!L$32,99,FALSE) -> 1.8925138e-08 | AT19: =_xlfn.HYPGEOM.DIST($A8,$C$2,'Benchmarks by Card Role'!D$42,99,FALSE) -> 8.3291405e-08 | AU19: =_xlfn.HYPGEOM.DIST($A8,$C$2,'Benchmarks by Card Role'!E$42,99,FALSE) -> 2.7146828e-07 | AV19: =_xlfn.HYPGEOM.DIST($A8,$C$2,'Benchmarks by Card Role'!F$42,99,FALSE) -> 7.2976165e-07 | AW19: =_xlfn.HYPGEOM.DIST($A8,$C$2,'Benchmarks by Card Role'!G$42,99,FALSE) -> 1.7116228e-06 | AX19: =_xlfn.HYPGEOM.DIST($A8,$C$2,'Benchmarks by Card Role'!H$42,99,FALSE) -> 3.6232628e-06 | AY19: =_xlfn.HYPGEOM.DIST($A8,$C$2,'Benchmarks by Card Role'!I$42,99,FALSE) -> 7.0780017e-06 | AZ19: =_xlfn.HYPGEOM.DIST($A8,$C$2,'Benchmarks by Card Role'!J$42,99,FALSE) -> 1.2958988e-05 | BA19: =_xlfn.HYPGEOM.DIST($A8,$C$2,'Benchmarks by Card Role'!K$42,99,FALSE) -> 2.2489673e-05 | BB19: =_xlfn.HYPGEOM.DIST($A8,$C$2,'Benchmarks by Card Role'!L$42,99,FALSE) -> 3.731118e-05
F20: =_xlfn.HYPGEOM.DIST($A9,$C$2,'Benchmarks by Card Role'!D$2,99,FALSE) -> 0.00017356717 | G20: =_xlfn.HYPGEOM.DIST($A9,$C$2,'Benchmarks by Card Role'!E$2,99,FALSE) -> 0.00023330133 | H20: =_xlfn.HYPGEOM.DIST($A9,$C$2,'Benchmarks by Card Role'!F$2,99,FALSE) -> 0.00030989238 | I20: =_xlfn.HYPGEOM.DIST($A9,$C$2,'Benchmarks by Card Role'!G$2,99,FALSE) -> 0.00040711352 | J20: =_xlfn.HYPGEOM.DIST($A9,$C$2,'Benchmarks by Card Role'!H$2,99,FALSE) -> 0.0005293691 | K20: =_xlfn.HYPGEOM.DIST($A9,$C$2,'Benchmarks by Card Role'!I$2,99,FALSE) -> 0.00068176324 | L20: =_xlfn.HYPGEOM.DIST($A9,$C$2,'Benchmarks by Card Role'!J$2,99,FALSE) -> 0.00087017074 | M20: =_xlfn.HYPGEOM.DIST($A9,$C$2,'Benchmarks by Card Role'!K$2,99,FALSE) -> 0.0011013098 | N20: =_xlfn.HYPGEOM.DIST($A9,$C$2,'Benchmarks by Card Role'!L$2,99,FALSE) -> 0.001382816 | P20: =_xlfn.HYPGEOM.DIST($A9,$C$2,'Benchmarks by Card Role'!D$12,99,FALSE) -> 0 | Q20: =_xlfn.HYPGEOM.DIST($A9,$C$2,'Benchmarks by Card Role'!E$12,99,FALSE) -> 5.2569829e-11 | R20: =_xlfn.HYPGEOM.DIST($A9,$C$2,'Benchmarks by Card Role'!F$12,99,FALSE) -> 4.6792924e-10 | S20: =_xlfn.HYPGEOM.DIST($A9,$C$2,'Benchmarks by Card Role'!G$12,99,FALSE) -> 2.3136501e-09 | T20: =_xlfn.HYPGEOM.DIST($A9,$C$2,'Benchmarks by Card Role'!H$12,99,FALSE) -> 8.3880649e-09 | U20: =_xlfn.HYPGEOM.DIST($A9,$C$2,'Benchmarks by Card Role'!I$12,99,FALSE) -> 2.4878238e-08 | V20: =_xlfn.HYPGEOM.DIST($A9,$C$2,'Benchmarks by Card Role'!J$12,99,FALSE) -> 6.3939931e-08 | W20: =_xlfn.HYPGEOM.DIST($A9,$C$2,'Benchmarks by Card Role'!K$12,99,FALSE) -> 1.4745837e-07 | X20: =_xlfn.HYPGEOM.DIST($A9,$C$2,'Benchmarks by Card Role'!L$12,99,FALSE) -> 3.1226478e-07 | Z20: =_xlfn.HYPGEOM.DIST($A9,$C$2,'Benchmarks by Card Role'!D$22,99,FALSE) -> 0 | AA20: =_xlfn.HYPGEOM.DIST($A9,$C$2,'Benchmarks by Card Role'!E$22,99,FALSE) -> 5.2569829e-11 | AB20: =_xlfn.HYPGEOM.DIST($A9,$C$2,'Benchmarks by Card Role'!F$22,99,FALSE) -> 4.6792924e-10 | AC20: =_xlfn.HYPGEOM.DIST($A9,$C$2,'Benchmarks by Card Role'!G$22,99,FALSE) -> 2.3136501e-09 | AD20: =_xlfn.HYPGEOM.DIST($A9,$C$2,'Benchmarks by Card Role'!H$22,99,FALSE) -> 8.3880649e-09 | AE20: =_xlfn.HYPGEOM.DIST($A9,$C$2,'Benchmarks by Card Role'!I$22,99,FALSE) -> 2.4878238e-08 | AF20: =_xlfn.HYPGEOM.DIST($A9,$C$2,'Benchmarks by Card Role'!J$22,99,FALSE) -> 6.3939931e-08 | AG20: =_xlfn.HYPGEOM.DIST($A9,$C$2,'Benchmarks by Card Role'!K$22,99,FALSE) -> 1.4745837e-07 | AH20: =_xlfn.HYPGEOM.DIST($A9,$C$2,'Benchmarks by Card Role'!L$22,99,FALSE) -> 3.1226478e-07 | AJ20: =_xlfn.HYPGEOM.DIST($A9,$C$2,'Benchmarks by Card Role'!D$32,99,FALSE) -> 0 | AK20: =_xlfn.HYPGEOM.DIST($A9,$C$2,'Benchmarks by Card Role'!E$32,99,FALSE) -> 0 | AL20: =_xlfn.HYPGEOM.DIST($A9,$C$2,'Benchmarks by Card Role'!F$32,99,FALSE) -> 0 | AM20: =_xlfn.HYPGEOM.DIST($A9,$C$2,'Benchmarks by Card Role'!G$32,99,FALSE) -> 0 | AN20: =_xlfn.HYPGEOM.DIST($A9,$C$2,'Benchmarks by Card Role'!H$32,99,FALSE) -> 0 | AO20: =_xlfn.HYPGEOM.DIST($A9,$C$2,'Benchmarks by Card Role'!I$32,99,FALSE) -> 0 | AP20: =_xlfn.HYPGEOM.DIST($A9,$C$2,'Benchmarks by Card Role'!J$32,99,FALSE) -> 0 | AQ20: =_xlfn.HYPGEOM.DIST($A9,$C$2,'Benchmarks by Card Role'!K$32,99,FALSE) -> 0 | AR20: =_xlfn.HYPGEOM.DIST($A9,$C$2,'Benchmarks by Card Role'!L$32,99,FALSE) -> 5.2569829e-11 | AT20: =_xlfn.HYPGEOM.DIST($A9,$C$2,'Benchmarks by Card Role'!D$42,99,FALSE) -> 4.6792924e-10 | AU20: =_xlfn.HYPGEOM.DIST($A9,$C$2,'Benchmarks by Card Role'!E$42,99,FALSE) -> 2.3136501e-09 | AV20: =_xlfn.HYPGEOM.DIST($A9,$C$2,'Benchmarks by Card Role'!F$42,99,FALSE) -> 8.3880649e-09 | AW20: =_xlfn.HYPGEOM.DIST($A9,$C$2,'Benchmarks by Card Role'!G$42,99,FALSE) -> 2.4878238e-08 | AX20: =_xlfn.HYPGEOM.DIST($A9,$C$2,'Benchmarks by Card Role'!H$42,99,FALSE) -> 6.3939931e-08 | AY20: =_xlfn.HYPGEOM.DIST($A9,$C$2,'Benchmarks by Card Role'!I$42,99,FALSE) -> 1.4745837e-07 | AZ20: =_xlfn.HYPGEOM.DIST($A9,$C$2,'Benchmarks by Card Role'!J$42,99,FALSE) -> 3.1226478e-07 | BA20: =_xlfn.HYPGEOM.DIST($A9,$C$2,'Benchmarks by Card Role'!K$42,99,FALSE) -> 6.1709469e-07 | BB20: =_xlfn.HYPGEOM.DIST($A9,$C$2,'Benchmarks by Card Role'!L$42,99,FALSE) -> 1.1515796e-06
F21: =SUM(F12*$A$1,F13*$A$2,F14*$A$3,F15*$A$4,F16*$A$5,F17*$A$6,F18*$A$7,F19*$A$8,F20*$A$9) -> 2.6363116 | G21: =SUM(G12*$A$1,G13*$A$2,G14*$A$3,G15*$A$4,G16*$A$5,G17*$A$6,G18*$A$7,G19*$A$8,G20*$A$9) -> 2.7271983 | H21: =SUM(H12*$A$1,H13*$A$2,H14*$A$3,H15*$A$4,H16*$A$5,H17*$A$6,H18*$A$7,H19*$A$8,H20*$A$9) -> 2.818077 | I21: =SUM(I12*$A$1,I13*$A$2,I14*$A$3,I15*$A$4,I16*$A$5,I17*$A$6,I18*$A$7,I19*$A$8,I20*$A$9) -> 2.9089451 | J21: =SUM(J12*$A$1,J13*$A$2,J14*$A$3,J15*$A$4,J16*$A$5,J17*$A$6,J18*$A$7,J19*$A$8,J20*$A$9) -> 2.9997995 | K21: =SUM(K12*$A$1,K13*$A$2,K14*$A$3,K15*$A$4,K16*$A$5,K17*$A$6,K18*$A$7,K19*$A$8,K20*$A$9) -> 3.0906364 | L21: =SUM(L12*$A$1,L13*$A$2,L14*$A$3,L15*$A$4,L16*$A$5,L17*$A$6,L18*$A$7,L19*$A$8,L20*$A$9) -> 3.1814511 | M21: =SUM(M12*$A$1,M13*$A$2,M14*$A$3,M15*$A$4,M16*$A$5,M17*$A$6,M18*$A$7,M19*$A$8,M20*$A$9) -> 3.2722378 | N21: =SUM(N12*$A$1,N13*$A$2,N14*$A$3,N15*$A$4,N16*$A$5,N17*$A$6,N18*$A$7,N19*$A$8,N20*$A$9) -> 3.3629896 | P21: =SUM(P12*$A$1,P13*$A$2,P14*$A$3,P15*$A$4,P16*$A$5,P17*$A$6,P18*$A$7,P19*$A$8,P20*$A$9) -> 0.63636364 | Q21: =SUM(Q12*$A$1,Q13*$A$2,Q14*$A$3,Q15*$A$4,Q16*$A$5,Q17*$A$6,Q18*$A$7,Q19*$A$8,Q20*$A$9) -> 0.72727273 | R21: =SUM(R12*$A$1,R13*$A$2,R14*$A$3,R15*$A$4,R16*$A$5,R17*$A$6,R18*$A$7,R19*$A$8,R20*$A$9) -> 0.81818182 | S21: =SUM(S12*$A$1,S13*$A$2,S14*$A$3,S15*$A$4,S16*$A$5,S17*$A$6,S18*$A$7,S19*$A$8,S20*$A$9) -> 0.90909091 | T21: =SUM(T12*$A$1,T13*$A$2,T14*$A$3,T15*$A$4,T16*$A$5,T17*$A$6,T18*$A$7,T19*$A$8,T20*$A$9) -> 1 | U21: =SUM(U12*$A$1,U13*$A$2,U14*$A$3,U15*$A$4,U16*$A$5,U17*$A$6,U18*$A$7,U19*$A$8,U20*$A$9) -> 1.0909091 | V21: =SUM(V12*$A$1,V13*$A$2,V14*$A$3,V15*$A$4,V16*$A$5,V17*$A$6,V18*$A$7,V19*$A$8,V20*$A$9) -> 1.1818182 | W21: =SUM(W12*$A$1,W13*$A$2,W14*$A$3,W15*$A$4,W16*$A$5,W17*$A$6,W18*$A$7,W19*$A$8,W20*$A$9) -> 1.2727273 | X21: =SUM(X12*$A$1,X13*$A$2,X14*$A$3,X15*$A$4,X16*$A$5,X17*$A$6,X18*$A$7,X19*$A$8,X20*$A$9) -> 1.3636363 | Z21: =SUM(Z12*$A$1,Z13*$A$2,Z14*$A$3,Z15*$A$4,Z16*$A$5,Z17*$A$6,Z18*$A$7,Z19*$A$8,Z20*$A$9) -> 0.63636364 | AA21: =SUM(AA12*$A$1,AA13*$A$2,AA14*$A$3,AA15*$A$4,AA16*$A$5,AA17*$A$6,AA18*$A$7,AA19*$A$8,AA20*$A$9) -> 0.72727273 | AB21: =SUM(AB12*$A$1,AB13*$A$2,AB14*$A$3,AB15*$A$4,AB16*$A$5,AB17*$A$6,AB18*$A$7,AB19*$A$8,AB20*$A$9) -> 0.81818182 | AC21: =SUM(AC12*$A$1,AC13*$A$2,AC14*$A$3,AC15*$A$4,AC16*$A$5,AC17*$A$6,AC18*$A$7,AC19*$A$8,AC20*$A$9) -> 0.90909091 | AD21: =SUM(AD12*$A$1,AD13*$A$2,AD14*$A$3,AD15*$A$4,AD16*$A$5,AD17*$A$6,AD18*$A$7,AD19*$A$8,AD20*$A$9) -> 1 | AE21: =SUM(AE12*$A$1,AE13*$A$2,AE14*$A$3,AE15*$A$4,AE16*$A$5,AE17*$A$6,AE18*$A$7,AE19*$A$8,AE20*$A$9) -> 1.0909091 | AF21: =SUM(AF12*$A$1,AF13*$A$2,AF14*$A$3,AF15*$A$4,AF16*$A$5,AF17*$A$6,AF18*$A$7,AF19*$A$8,AF20*$A$9) -> 1.1818182 | AG21: =SUM(AG12*$A$1,AG13*$A$2,AG14*$A$3,AG15*$A$4,AG16*$A$5,AG17*$A$6,AG18*$A$7,AG19*$A$8,AG20*$A$9) -> 1.2727273 | AH21: =SUM(AH12*$A$1,AH13*$A$2,AH14*$A$3,AH15*$A$4,AH16*$A$5,AH17*$A$6,AH18*$A$7,AH19*$A$8,AH20*$A$9) -> 1.3636363 | AJ21: =SUM(AJ12*$A$1,AJ13*$A$2,AJ14*$A$3,AJ15*$A$4,AJ16*$A$5,AJ17*$A$6,AJ18*$A$7,AJ19*$A$8,AJ20*$A$9) -> 0 | AK21: =SUM(AK12*$A$1,AK13*$A$2,AK14*$A$3,AK15*$A$4,AK16*$A$5,AK17*$A$6,AK18*$A$7,AK19*$A$8,AK20*$A$9) -> 0.090909091 | AL21: =SUM(AL12*$A$1,AL13*$A$2,AL14*$A$3,AL15*$A$4,AL16*$A$5,AL17*$A$6,AL18*$A$7,AL19*$A$8,AL20*$A$9) -> 0.18181818 | AM21: =SUM(AM12*$A$1,AM13*$A$2,AM14*$A$3,AM15*$A$4,AM16*$A$5,AM17*$A$6,AM18*$A$7,AM19*$A$8,AM20*$A$9) -> 0.27272727 | AN21: =SUM(AN12*$A$1,AN13*$A$2,AN14*$A$3,AN15*$A$4,AN16*$A$5,AN17*$A$6,AN18*$A$7,AN19*$A$8,AN20*$A$9) -> 0.36363636 | AO21: =SUM(AO12*$A$1,AO13*$A$2,AO14*$A$3,AO15*$A$4,AO16*$A$5,AO17*$A$6,AO18*$A$7,AO19*$A$8,AO20*$A$9) -> 0.45454545 | AP21: =SUM(AP12*$A$1,AP13*$A$2,AP14*$A$3,AP15*$A$4,AP16*$A$5,AP17*$A$6,AP18*$A$7,AP19*$A$8,AP20*$A$9) -> 0.54545455 | AQ21: =SUM(AQ12*$A$1,AQ13*$A$2,AQ14*$A$3,AQ15*$A$4,AQ16*$A$5,AQ17*$A$6,AQ18*$A$7,AQ19*$A$8,AQ20*$A$9) -> 0.63636364 | AR21: =SUM(AR12*$A$1,AR13*$A$2,AR14*$A$3,AR15*$A$4,AR16*$A$5,AR17*$A$6,AR18*$A$7,AR19*$A$8,AR20*$A$9) -> 0.72727273 | AT21: =SUM(AT12*$A$1,AT13*$A$2,AT14*$A$3,AT15*$A$4,AT16*$A$5,AT17*$A$6,AT18*$A$7,AT19*$A$8,AT20*$A$9) -> 0.81818182 | AU21: =SUM(AU12*$A$1,AU13*$A$2,AU14*$A$3,AU15*$A$4,AU16*$A$5,AU17*$A$6,AU18*$A$7,AU19*$A$8,AU20*$A$9) -> 0.90909091 | AV21: =SUM(AV12*$A$1,AV13*$A$2,AV14*$A$3,AV15*$A$4,AV16*$A$5,AV17*$A$6,AV18*$A$7,AV19*$A$8,AV20*$A$9) -> 1 | AW21: =SUM(AW12*$A$1,AW13*$A$2,AW14*$A$3,AW15*$A$4,AW16*$A$5,AW17*$A$6,AW18*$A$7,AW19*$A$8,AW20*$A$9) -> 1.0909091 | AX21: =SUM(AX12*$A$1,AX13*$A$2,AX14*$A$3,AX15*$A$4,AX16*$A$5,AX17*$A$6,AX18*$A$7,AX19*$A$8,AX20*$A$9) -> 1.1818182 | AY21: =SUM(AY12*$A$1,AY13*$A$2,AY14*$A$3,AY15*$A$4,AY16*$A$5,AY17*$A$6,AY18*$A$7,AY19*$A$8,AY20*$A$9) -> 1.2727273 | AZ21: =SUM(AZ12*$A$1,AZ13*$A$2,AZ14*$A$3,AZ15*$A$4,AZ16*$A$5,AZ17*$A$6,AZ18*$A$7,AZ19*$A$8,AZ20*$A$9) -> 1.3636363 | BA21: =SUM(BA12*$A$1,BA13*$A$2,BA14*$A$3,BA15*$A$4,BA16*$A$5,BA17*$A$6,BA18*$A$7,BA19*$A$8,BA20*$A$9) -> 1.4545454 | BB21: =SUM(BB12*$A$1,BB13*$A$2,BB14*$A$3,BB15*$A$4,BB16*$A$5,BB17*$A$6,BB18*$A$7,BB19*$A$8,BB20*$A$9) -> 1.5454544
F23: =_xlfn.HYPGEOM.DIST($A1,$C$3,'Benchmarks by Card Role'!D$2,99,FALSE) -> 0.025463601 | G23: =_xlfn.HYPGEOM.DIST($A1,$C$3,'Benchmarks by Card Role'!E$2,99,FALSE) -> 0.021825943 | H23: =_xlfn.HYPGEOM.DIST($A1,$C$3,'Benchmarks by Card Role'!F$2,99,FALSE) -> 0.018662763 | I23: =_xlfn.HYPGEOM.DIST($A1,$C$3,'Benchmarks by Card Role'!G$2,99,FALSE) -> 0.015918239 | J23: =_xlfn.HYPGEOM.DIST($A1,$C$3,'Benchmarks by Card Role'!H$2,99,FALSE) -> 0.013542383 | K23: =_xlfn.HYPGEOM.DIST($A1,$C$3,'Benchmarks by Card Role'!I$2,99,FALSE) -> 0.011490506 | L23: =_xlfn.HYPGEOM.DIST($A1,$C$3,'Benchmarks by Card Role'!J$2,99,FALSE) -> 0.0097227362 | M23: =_xlfn.HYPGEOM.DIST($A1,$C$3,'Benchmarks by Card Role'!K$2,99,FALSE) -> 0.0082035587 | N23: =_xlfn.HYPGEOM.DIST($A1,$C$3,'Benchmarks by Card Role'!L$2,99,FALSE) -> 0.0069014065 | P23: =_xlfn.HYPGEOM.DIST($A1,$C$3,'Benchmarks by Card Role'!D$12,99,FALSE) -> 0.46283697 | Q23: =_xlfn.HYPGEOM.DIST($A1,$C$3,'Benchmarks by Card Role'!E$12,99,FALSE) -> 0.4125286 | R23: =_xlfn.HYPGEOM.DIST($A1,$C$3,'Benchmarks by Card Role'!F$12,99,FALSE) -> 0.36719579 | S23: =_xlfn.HYPGEOM.DIST($A1,$C$3,'Benchmarks by Card Role'!G$12,99,FALSE) -> 0.32639626 | T23: =_xlfn.HYPGEOM.DIST($A1,$C$3,'Benchmarks by Card Role'!H$12,99,FALSE) -> 0.28972252 | U23: =_xlfn.HYPGEOM.DIST($A1,$C$3,'Benchmarks by Card Role'!I$12,99,FALSE) -> 0.25679951 | V23: =_xlfn.HYPGEOM.DIST($A1,$C$3,'Benchmarks by Card Role'!J$12,99,FALSE) -> 0.22728232 | W23: =_xlfn.HYPGEOM.DIST($A1,$C$3,'Benchmarks by Card Role'!K$12,99,FALSE) -> 0.20085415 | X23: =_xlfn.HYPGEOM.DIST($A1,$C$3,'Benchmarks by Card Role'!L$12,99,FALSE) -> 0.17722425 | Z23: =_xlfn.HYPGEOM.DIST($A1,$C$3,'Benchmarks by Card Role'!D$22,99,FALSE) -> 0.46283697 | AA23: =_xlfn.HYPGEOM.DIST($A1,$C$3,'Benchmarks by Card Role'!E$22,99,FALSE) -> 0.4125286 | AB23: =_xlfn.HYPGEOM.DIST($A1,$C$3,'Benchmarks by Card Role'!F$22,99,FALSE) -> 0.36719579 | AC23: =_xlfn.HYPGEOM.DIST($A1,$C$3,'Benchmarks by Card Role'!G$22,99,FALSE) -> 0.32639626 | AD23: =_xlfn.HYPGEOM.DIST($A1,$C$3,'Benchmarks by Card Role'!H$22,99,FALSE) -> 0.28972252 | AE23: =_xlfn.HYPGEOM.DIST($A1,$C$3,'Benchmarks by Card Role'!I$22,99,FALSE) -> 0.25679951 | AF23: =_xlfn.HYPGEOM.DIST($A1,$C$3,'Benchmarks by Card Role'!J$22,99,FALSE) -> 0.22728232 | AG23: =_xlfn.HYPGEOM.DIST($A1,$C$3,'Benchmarks by Card Role'!K$22,99,FALSE) -> 0.20085415 | AH23: =_xlfn.HYPGEOM.DIST($A1,$C$3,'Benchmarks by Card Role'!L$22,99,FALSE) -> 0.17722425 | AJ23: =_xlfn.HYPGEOM.DIST($A1,$C$3,'Benchmarks by Card Role'!D$32,99,FALSE) -> 1 | AK23: =_xlfn.HYPGEOM.DIST($A1,$C$3,'Benchmarks by Card Role'!E$32,99,FALSE) -> 0.8989899 | AL23: =_xlfn.HYPGEOM.DIST($A1,$C$3,'Benchmarks by Card Role'!F$32,99,FALSE) -> 0.80725624 | AM23: =_xlfn.HYPGEOM.DIST($A1,$C$3,'Benchmarks by Card Role'!G$32,99,FALSE) -> 0.72403394 | AN23: =_xlfn.HYPGEOM.DIST($A1,$C$3,'Benchmarks by Card Role'!H$32,99,FALSE) -> 0.64861374 | AO23: =_xlfn.HYPGEOM.DIST($A1,$C$3,'Benchmarks by Card Role'!I$32,99,FALSE) -> 0.58033861 | AP23: =_xlfn.HYPGEOM.DIST($A1,$C$3,'Benchmarks by Card Role'!J$32,99,FALSE) -> 0.51860046 | AQ23: =_xlfn.HYPGEOM.DIST($A1,$C$3,'Benchmarks by Card Role'!K$32,99,FALSE) -> 0.46283697 | AR23: =_xlfn.HYPGEOM.DIST($A1,$C$3,'Benchmarks by Card Role'!L$32,99,FALSE) -> 0.4125286 | AT23: =_xlfn.HYPGEOM.DIST($A1,$C$3,'Benchmarks by Card Role'!D$42,99,FALSE) -> 0.36719579 | AU23: =_xlfn.HYPGEOM.DIST($A1,$C$3,'Benchmarks by Card Role'!E$42,99,FALSE) -> 0.32639626 | AV23: =_xlfn.HYPGEOM.DIST($A1,$C$3,'Benchmarks by Card Role'!F$42,99,FALSE) -> 0.28972252 | AW23: =_xlfn.HYPGEOM.DIST($A1,$C$3,'Benchmarks by Card Role'!G$42,99,FALSE) -> 0.25679951 | AX23: =_xlfn.HYPGEOM.DIST($A1,$C$3,'Benchmarks by Card Role'!H$42,99,FALSE) -> 0.22728232 | AY23: =_xlfn.HYPGEOM.DIST($A1,$C$3,'Benchmarks by Card Role'!I$42,99,FALSE) -> 0.20085415 | AZ23: =_xlfn.HYPGEOM.DIST($A1,$C$3,'Benchmarks by Card Role'!J$42,99,FALSE) -> 0.17722425 | BA23: =_xlfn.HYPGEOM.DIST($A1,$C$3,'Benchmarks by Card Role'!K$42,99,FALSE) -> 0.15612612 | BB23: =_xlfn.HYPGEOM.DIST($A1,$C$3,'Benchmarks by Card Role'!L$42,99,FALSE) -> 0.13731575
F24: =_xlfn.HYPGEOM.DIST($A2,$C$3,'Benchmarks by Card Role'!D$2,99,FALSE) -> 0.12105646 | G24: =_xlfn.HYPGEOM.DIST($A2,$C$3,'Benchmarks by Card Role'!E$2,99,FALSE) -> 0.10912972 | H24: =_xlfn.HYPGEOM.DIST($A2,$C$3,'Benchmarks by Card Role'!F$2,99,FALSE) -> 0.098058586 | I24: =_xlfn.HYPGEOM.DIST($A2,$C$3,'Benchmarks by Card Role'!G$2,99,FALSE) -> 0.087824768 | J24: =_xlfn.HYPGEOM.DIST($A2,$C$3,'Benchmarks by Card Role'!H$2,99,FALSE) -> 0.078403267 | K24: =_xlfn.HYPGEOM.DIST($A2,$C$3,'Benchmarks by Card Role'!I$2,99,FALSE) -> 0.069763789 | L24: =_xlfn.HYPGEOM.DIST($A2,$C$3,'Benchmarks by Card Role'!J$2,99,FALSE) -> 0.061871958 | M24: =_xlfn.HYPGEOM.DIST($A2,$C$3,'Benchmarks by Card Role'!K$2,99,FALSE) -> 0.054690391 | N24: =_xlfn.HYPGEOM.DIST($A2,$C$3,'Benchmarks by Card Role'!L$2,99,FALSE) -> 0.04817963 | P24: =_xlfn.HYPGEOM.DIST($A2,$C$3,'Benchmarks by Card Role'!D$12,99,FALSE) -> 0.39034443 | Q24: =_xlfn.HYPGEOM.DIST($A2,$C$3,'Benchmarks by Card Role'!E$12,99,FALSE) -> 0.40246693 | R24: =_xlfn.HYPGEOM.DIST($A2,$C$3,'Benchmarks by Card Role'!F$12,99,FALSE) -> 0.40799532 | S24: =_xlfn.HYPGEOM.DIST($A2,$C$3,'Benchmarks by Card Role'!G$12,99,FALSE) -> 0.40799532 | T24: =_xlfn.HYPGEOM.DIST($A2,$C$3,'Benchmarks by Card Role'!H$12,99,FALSE) -> 0.40341111 | U24: =_xlfn.HYPGEOM.DIST($A2,$C$3,'Benchmarks by Card Role'!I$12,99,FALSE) -> 0.39507617 | V24: =_xlfn.HYPGEOM.DIST($A2,$C$3,'Benchmarks by Card Role'!J$12,99,FALSE) -> 0.3837234 | W24: =_xlfn.HYPGEOM.DIST($A2,$C$3,'Benchmarks by Card Role'!K$12,99,FALSE) -> 0.36999448 | X24: =_xlfn.HYPGEOM.DIST($A2,$C$3,'Benchmarks by Card Role'!L$12,99,FALSE) -> 0.35444849 | Z24: =_xlfn.HYPGEOM.DIST($A2,$C$3,'Benchmarks by Card Role'!D$22,99,FALSE) -> 0.39034443 | AA24: =_xlfn.HYPGEOM.DIST($A2,$C$3,'Benchmarks by Card Role'!E$22,99,FALSE) -> 0.40246693 | AB24: =_xlfn.HYPGEOM.DIST($A2,$C$3,'Benchmarks by Card Role'!F$22,99,FALSE) -> 0.40799532 | AC24: =_xlfn.HYPGEOM.DIST($A2,$C$3,'Benchmarks by Card Role'!G$22,99,FALSE) -> 0.40799532 | AD24: =_xlfn.HYPGEOM.DIST($A2,$C$3,'Benchmarks by Card Role'!H$22,99,FALSE) -> 0.40341111 | AE24: =_xlfn.HYPGEOM.DIST($A2,$C$3,'Benchmarks by Card Role'!I$22,99,FALSE) -> 0.39507617 | AF24: =_xlfn.HYPGEOM.DIST($A2,$C$3,'Benchmarks by Card Role'!J$22,99,FALSE) -> 0.3837234 | AG24: =_xlfn.HYPGEOM.DIST($A2,$C$3,'Benchmarks by Card Role'!K$22,99,FALSE) -> 0.36999448 | AH24: =_xlfn.HYPGEOM.DIST($A2,$C$3,'Benchmarks by Card Role'!L$22,99,FALSE) -> 0.35444849 | AJ24: =_xlfn.HYPGEOM.DIST($A2,$C$3,'Benchmarks by Card Role'!D$32,99,FALSE) -> 0 | AK24: =_xlfn.HYPGEOM.DIST($A2,$C$3,'Benchmarks by Card Role'!E$32,99,FALSE) -> 0.1010101 | AL24: =_xlfn.HYPGEOM.DIST($A2,$C$3,'Benchmarks by Card Role'!F$32,99,FALSE) -> 0.18346733 | AM24: =_xlfn.HYPGEOM.DIST($A2,$C$3,'Benchmarks by Card Role'!G$32,99,FALSE) -> 0.24966688 | AN24: =_xlfn.HYPGEOM.DIST($A2,$C$3,'Benchmarks by Card Role'!H$32,99,FALSE) -> 0.30168081 | AO24: =_xlfn.HYPGEOM.DIST($A2,$C$3,'Benchmarks by Card Role'!I$32,99,FALSE) -> 0.34137565 | AP24: =_xlfn.HYPGEOM.DIST($A2,$C$3,'Benchmarks by Card Role'!J$32,99,FALSE) -> 0.3704289 | AQ24: =_xlfn.HYPGEOM.DIST($A2,$C$3,'Benchmarks by Card Role'!K$32,99,FALSE) -> 0.39034443 | AR24: =_xlfn.HYPGEOM.DIST($A2,$C$3,'Benchmarks by Card Role'!L$32,99,FALSE) -> 0.40246693 | AT24: =_xlfn.HYPGEOM.DIST($A2,$C$3,'Benchmarks by Card Role'!D$42,99,FALSE) -> 0.40799532 | AU24: =_xlfn.HYPGEOM.DIST($A2,$C$3,'Benchmarks by Card Role'!E$42,99,FALSE) -> 0.40799532 | AV24: =_xlfn.HYPGEOM.DIST($A2,$C$3,'Benchmarks by Card Role'!F$42,99,FALSE) -> 0.40341111 | AW24: =_xlfn.HYPGEOM.DIST($A2,$C$3,'Benchmarks by Card Role'!G$42,99,FALSE) -> 0.39507617 | AX24: =_xlfn.HYPGEOM.DIST($A2,$C$3,'Benchmarks by Card Role'!H$42,99,FALSE) -> 0.3837234 | AY24: =_xlfn.HYPGEOM.DIST($A2,$C$3,'Benchmarks by Card Role'!I$42,99,FALSE) -> 0.36999448 | AZ24: =_xlfn.HYPGEOM.DIST($A2,$C$3,'Benchmarks by Card Role'!J$42,99,FALSE) -> 0.35444849 | BA24: =_xlfn.HYPGEOM.DIST($A2,$C$3,'Benchmarks by Card Role'!K$42,99,FALSE) -> 0.33756999 | BB24: =_xlfn.HYPGEOM.DIST($A2,$C$3,'Benchmarks by Card Role'!L$42,99,FALSE) -> 0.31977639
F25: =_xlfn.HYPGEOM.DIST($A3,$C$3,'Benchmarks by Card Role'!D$2,99,FALSE) -> 0.24601797 | G25: =_xlfn.HYPGEOM.DIST($A3,$C$3,'Benchmarks by Card Role'!E$2,99,FALSE) -> 0.23346603 | H25: =_xlfn.HYPGEOM.DIST($A3,$C$3,'Benchmarks by Card Role'!F$2,99,FALSE) -> 0.22063182 | I25: =_xlfn.HYPGEOM.DIST($A3,$C$3,'Benchmarks by Card Role'!G$2,99,FALSE) -> 0.20765348 | J25: =_xlfn.HYPGEOM.DIST($A3,$C$3,'Benchmarks by Card Role'!H$2,99,FALSE) -> 0.19465639 | K25: =_xlfn.HYPGEOM.DIST($A3,$C$3,'Benchmarks by Card Role'!I$2,99,FALSE) -> 0.18175303 | L25: =_xlfn.HYPGEOM.DIST($A3,$C$3,'Benchmarks by Card Role'!J$2,99,FALSE) -> 0.16904303 | M25: =_xlfn.HYPGEOM.DIST($A3,$C$3,'Benchmarks by Card Role'!K$2,99,FALSE) -> 0.15661339 | N25: =_xlfn.HYPGEOM.DIST($A3,$C$3,'Benchmarks by Card Role'!L$2,99,FALSE) -> 0.14453889 | P25: =_xlfn.HYPGEOM.DIST($A3,$C$3,'Benchmarks by Card Role'!D$12,99,FALSE) -> 0.12546785 | Q25: =_xlfn.HYPGEOM.DIST($A3,$C$3,'Benchmarks by Card Role'!E$12,99,FALSE) -> 0.15274347 | R25: =_xlfn.HYPGEOM.DIST($A3,$C$3,'Benchmarks by Card Role'!F$12,99,FALSE) -> 0.1791199 | S25: =_xlfn.HYPGEOM.DIST($A3,$C$3,'Benchmarks by Card Role'!G$12,99,FALSE) -> 0.20399766 | T25: =_xlfn.HYPGEOM.DIST($A3,$C$3,'Benchmarks by Card Role'!H$12,99,FALSE) -> 0.22691875 | U25: =_xlfn.HYPGEOM.DIST($A3,$C$3,'Benchmarks by Card Role'!I$12,99,FALSE) -> 0.24754772 | V25: =_xlfn.HYPGEOM.DIST($A3,$C$3,'Benchmarks by Card Role'!J$12,99,FALSE) -> 0.26565466 | W25: =_xlfn.HYPGEOM.DIST($A3,$C$3,'Benchmarks by Card Role'!K$12,99,FALSE) -> 0.2810997 | X25: =_xlfn.HYPGEOM.DIST($A3,$C$3,'Benchmarks by Card Role'!L$12,99,FALSE) -> 0.29381914 | Z25: =_xlfn.HYPGEOM.DIST($A3,$C$3,'Benchmarks by Card Role'!D$22,99,FALSE) -> 0.12546785 | AA25: =_xlfn.HYPGEOM.DIST($A3,$C$3,'Benchmarks by Card Role'!E$22,99,FALSE) -> 0.15274347 | AB25: =_xlfn.HYPGEOM.DIST($A3,$C$3,'Benchmarks by Card Role'!F$22,99,FALSE) -> 0.1791199 | AC25: =_xlfn.HYPGEOM.DIST($A3,$C$3,'Benchmarks by Card Role'!G$22,99,FALSE) -> 0.20399766 | AD25: =_xlfn.HYPGEOM.DIST($A3,$C$3,'Benchmarks by Card Role'!H$22,99,FALSE) -> 0.22691875 | AE25: =_xlfn.HYPGEOM.DIST($A3,$C$3,'Benchmarks by Card Role'!I$22,99,FALSE) -> 0.24754772 | AF25: =_xlfn.HYPGEOM.DIST($A3,$C$3,'Benchmarks by Card Role'!J$22,99,FALSE) -> 0.26565466 | AG25: =_xlfn.HYPGEOM.DIST($A3,$C$3,'Benchmarks by Card Role'!K$22,99,FALSE) -> 0.2810997 | AH25: =_xlfn.HYPGEOM.DIST($A3,$C$3,'Benchmarks by Card Role'!L$22,99,FALSE) -> 0.29381914 | AJ25: =_xlfn.HYPGEOM.DIST($A3,$C$3,'Benchmarks by Card Role'!D$32,99,FALSE) -> 0 | AK25: =_xlfn.HYPGEOM.DIST($A3,$C$3,'Benchmarks by Card Role'!E$32,99,FALSE) -> 0 | AL25: =_xlfn.HYPGEOM.DIST($A3,$C$3,'Benchmarks by Card Role'!F$32,99,FALSE) -> 0.0092764378 | AM25: =_xlfn.HYPGEOM.DIST($A3,$C$3,'Benchmarks by Card Role'!G$32,99,FALSE) -> 0.025534112 | AN25: =_xlfn.HYPGEOM.DIST($A3,$C$3,'Benchmarks by Card Role'!H$32,99,FALSE) -> 0.046812539 | AO25: =_xlfn.HYPGEOM.DIST($A3,$C$3,'Benchmarks by Card Role'!I$32,99,FALSE) -> 0.071450718 | AP25: =_xlfn.HYPGEOM.DIST($A3,$C$3,'Benchmarks by Card Role'!J$32,99,FALSE) -> 0.098054709 | AQ25: =_xlfn.HYPGEOM.DIST($A3,$C$3,'Benchmarks by Card Role'!K$32,99,FALSE) -> 0.12546785 | AR25: =_xlfn.HYPGEOM.DIST($A3,$C$3,'Benchmarks by Card Role'!L$32,99,FALSE) -> 0.15274347 | AT25: =_xlfn.HYPGEOM.DIST($A3,$C$3,'Benchmarks by Card Role'!D$42,99,FALSE) -> 0.1791199 | AU25: =_xlfn.HYPGEOM.DIST($A3,$C$3,'Benchmarks by Card Role'!E$42,99,FALSE) -> 0.20399766 | AV25: =_xlfn.HYPGEOM.DIST($A3,$C$3,'Benchmarks by Card Role'!F$42,99,FALSE) -> 0.22691875 | AW25: =_xlfn.HYPGEOM.DIST($A3,$C$3,'Benchmarks by Card Role'!G$42,99,FALSE) -> 0.24754772 | AX25: =_xlfn.HYPGEOM.DIST($A3,$C$3,'Benchmarks by Card Role'!H$42,99,FALSE) -> 0.26565466 | AY25: =_xlfn.HYPGEOM.DIST($A3,$C$3,'Benchmarks by Card Role'!I$42,99,FALSE) -> 0.2810997 | AZ25: =_xlfn.HYPGEOM.DIST($A3,$C$3,'Benchmarks by Card Role'!J$42,99,FALSE) -> 0.29381914 | BA25: =_xlfn.HYPGEOM.DIST($A3,$C$3,'Benchmarks by Card Role'!K$42,99,FALSE) -> 0.30381299 | BB25: =_xlfn.HYPGEOM.DIST($A3,$C$3,'Benchmarks by Card Role'!L$42,99,FALSE) -> 0.31113379
F26: =_xlfn.HYPGEOM.DIST($A4,$C$3,'Benchmarks by Card Role'!D$2,99,FALSE) -> 0.28116339 | G26: =_xlfn.HYPGEOM.DIST($A4,$C$3,'Benchmarks by Card Role'!E$2,99,FALSE) -> 0.28116339 | H26: =_xlfn.HYPGEOM.DIST($A4,$C$3,'Benchmarks by Card Role'!F$2,99,FALSE) -> 0.2797081 | I26: =_xlfn.HYPGEOM.DIST($A4,$C$3,'Benchmarks by Card Role'!G$2,99,FALSE) -> 0.2768713 | J26: =_xlfn.HYPGEOM.DIST($A4,$C$3,'Benchmarks by Card Role'!H$2,99,FALSE) -> 0.27273889 | K26: =_xlfn.HYPGEOM.DIST($A4,$C$3,'Benchmarks by Card Role'!I$2,99,FALSE) -> 0.26740675 | L26: =_xlfn.HYPGEOM.DIST($A4,$C$3,'Benchmarks by Card Role'!J$2,99,FALSE) -> 0.26097871 | M26: =_xlfn.HYPGEOM.DIST($A4,$C$3,'Benchmarks by Card Role'!K$2,99,FALSE) -> 0.25356454 | N26: =_xlfn.HYPGEOM.DIST($A4,$C$3,'Benchmarks by Card Role'!L$2,99,FALSE) -> 0.24527812 | P26: =_xlfn.HYPGEOM.DIST($A4,$C$3,'Benchmarks by Card Role'!D$12,99,FALSE) -> 0.019681232 | Q26: =_xlfn.HYPGEOM.DIST($A4,$C$3,'Benchmarks by Card Role'!E$12,99,FALSE) -> 0.029093995 | R26: =_xlfn.HYPGEOM.DIST($A4,$C$3,'Benchmarks by Card Role'!F$12,99,FALSE) -> 0.040283993 | S26: =_xlfn.HYPGEOM.DIST($A4,$C$3,'Benchmarks by Card Role'!G$12,99,FALSE) -> 0.053072562 | T26: =_xlfn.HYPGEOM.DIST($A4,$C$3,'Benchmarks by Card Role'!H$12,99,FALSE) -> 0.067235184 | U26: =_xlfn.HYPGEOM.DIST($A4,$C$3,'Benchmarks by Card Role'!I$12,99,FALSE) -> 0.082515908 | V26: =_xlfn.HYPGEOM.DIST($A4,$C$3,'Benchmarks by Card Role'!J$12,99,FALSE) -> 0.098639706 | W26: =_xlfn.HYPGEOM.DIST($A4,$C$3,'Benchmarks by Card Role'!K$12,99,FALSE) -> 0.11532295 | X26: =_xlfn.HYPGEOM.DIST($A4,$C$3,'Benchmarks by Card Role'!L$12,99,FALSE) -> 0.13228221 | Z26: =_xlfn.HYPGEOM.DIST($A4,$C$3,'Benchmarks by Card Role'!D$22,99,FALSE) -> 0.019681232 | AA26: =_xlfn.HYPGEOM.DIST($A4,$C$3,'Benchmarks by Card Role'!E$22,99,FALSE) -> 0.029093995 | AB26: =_xlfn.HYPGEOM.DIST($A4,$C$3,'Benchmarks by Card Role'!F$22,99,FALSE) -> 0.040283993 | AC26: =_xlfn.HYPGEOM.DIST($A4,$C$3,'Benchmarks by Card Role'!G$22,99,FALSE) -> 0.053072562 | AD26: =_xlfn.HYPGEOM.DIST($A4,$C$3,'Benchmarks by Card Role'!H$22,99,FALSE) -> 0.067235184 | AE26: =_xlfn.HYPGEOM.DIST($A4,$C$3,'Benchmarks by Card Role'!I$22,99,FALSE) -> 0.082515908 | AF26: =_xlfn.HYPGEOM.DIST($A4,$C$3,'Benchmarks by Card Role'!J$22,99,FALSE) -> 0.098639706 | AG26: =_xlfn.HYPGEOM.DIST($A4,$C$3,'Benchmarks by Card Role'!K$22,99,FALSE) -> 0.11532295 | AH26: =_xlfn.HYPGEOM.DIST($A4,$C$3,'Benchmarks by Card Role'!L$22,99,FALSE) -> 0.13228221 | AJ26: =_xlfn.HYPGEOM.DIST($A4,$C$3,'Benchmarks by Card Role'!D$32,99,FALSE) -> 0 | AK26: =_xlfn.HYPGEOM.DIST($A4,$C$3,'Benchmarks by Card Role'!E$32,99,FALSE) -> 0 | AL26: =_xlfn.HYPGEOM.DIST($A4,$C$3,'Benchmarks by Card Role'!F$32,99,FALSE) -> 0 | AM26: =_xlfn.HYPGEOM.DIST($A4,$C$3,'Benchmarks by Card Role'!G$32,99,FALSE) -> 0.00076506704 | AN26: =_xlfn.HYPGEOM.DIST($A4,$C$3,'Benchmarks by Card Role'!H$32,99,FALSE) -> 0.0028371236 | AO26: =_xlfn.HYPGEOM.DIST($A4,$C$3,'Benchmarks by Card Role'!I$32,99,FALSE) -> 0.006570181 | AP26: =_xlfn.HYPGEOM.DIST($A4,$C$3,'Benchmarks by Card Role'!J$32,99,FALSE) -> 0.012161824 | AQ26: =_xlfn.HYPGEOM.DIST($A4,$C$3,'Benchmarks by Card Role'!K$32,99,FALSE) -> 0.019681232 | AR26: =_xlfn.HYPGEOM.DIST($A4,$C$3,'Benchmarks by Card Role'!L$32,99,FALSE) -> 0.029093995 | AT26: =_xlfn.HYPGEOM.DIST($A4,$C$3,'Benchmarks by Card Role'!D$42,99,FALSE) -> 0.040283993 | AU26: =_xlfn.HYPGEOM.DIST($A4,$C$3,'Benchmarks by Card Role'!E$42,99,FALSE) -> 0.053072562 | AV26: =_xlfn.HYPGEOM.DIST($A4,$C$3,'Benchmarks by Card Role'!F$42,99,FALSE) -> 0.067235184 | AW26: =_xlfn.HYPGEOM.DIST($A4,$C$3,'Benchmarks by Card Role'!G$42,99,FALSE) -> 0.082515908 | AX26: =_xlfn.HYPGEOM.DIST($A4,$C$3,'Benchmarks by Card Role'!H$42,99,FALSE) -> 0.098639706 | AY26: =_xlfn.HYPGEOM.DIST($A4,$C$3,'Benchmarks by Card Role'!I$42,99,FALSE) -> 0.11532295 | AZ26: =_xlfn.HYPGEOM.DIST($A4,$C$3,'Benchmarks by Card Role'!J$42,99,FALSE) -> 0.13228221 | BA26: =_xlfn.HYPGEOM.DIST($A4,$C$3,'Benchmarks by Card Role'!K$42,99,FALSE) -> 0.14924147 | BB26: =_xlfn.HYPGEOM.DIST($A4,$C$3,'Benchmarks by Card Role'!L$42,99,FALSE) -> 0.16593802
F27: =_xlfn.HYPGEOM.DIST($A5,$C$3,'Benchmarks by Card Role'!D$2,99,FALSE) -> 0.1998896 | G27: =_xlfn.HYPGEOM.DIST($A5,$C$3,'Benchmarks by Card Role'!E$2,99,FALSE) -> 0.21087255 | H27: =_xlfn.HYPGEOM.DIST($A5,$C$3,'Benchmarks by Card Role'!F$2,99,FALSE) -> 0.22105963 | I27: =_xlfn.HYPGEOM.DIST($A5,$C$3,'Benchmarks by Card Role'!G$2,99,FALSE) -> 0.23034784 | J27: =_xlfn.HYPGEOM.DIST($A5,$C$3,'Benchmarks by Card Role'!H$2,99,FALSE) -> 0.23864653 | K27: =_xlfn.HYPGEOM.DIST($A5,$C$3,'Benchmarks by Card Role'!I$2,99,FALSE) -> 0.24587825 | L27: =_xlfn.HYPGEOM.DIST($A5,$C$3,'Benchmarks by Card Role'!J$2,99,FALSE) -> 0.25197944 | M27: =_xlfn.HYPGEOM.DIST($A5,$C$3,'Benchmarks by Card Role'!K$2,99,FALSE) -> 0.25690092 | N27: =_xlfn.HYPGEOM.DIST($A5,$C$3,'Benchmarks by Card Role'!L$2,99,FALSE) -> 0.260608 | P27: =_xlfn.HYPGEOM.DIST($A5,$C$3,'Benchmarks by Card Role'!D$12,99,FALSE) -> 0.0016019607 | Q27: =_xlfn.HYPGEOM.DIST($A5,$C$3,'Benchmarks by Card Role'!E$12,99,FALSE) -> 0.0029949701 | R27: =_xlfn.HYPGEOM.DIST($A5,$C$3,'Benchmarks by Card Role'!F$12,99,FALSE) -> 0.0050354991 | S27: =_xlfn.HYPGEOM.DIST($A5,$C$3,'Benchmarks by Card Role'!G$12,99,FALSE) -> 0.0078329986 | T27: =_xlfn.HYPGEOM.DIST($A5,$C$3,'Benchmarks by Card Role'!H$12,99,FALSE) -> 0.011479178 | U27: =_xlfn.HYPGEOM.DIST($A5,$C$3,'Benchmarks by Card Role'!I$12,99,FALSE) -> 0.01604476 | V27: =_xlfn.HYPGEOM.DIST($A5,$C$3,'Benchmarks by Card Role'!J$12,99,FALSE) -> 0.021577436 | W27: =_xlfn.HYPGEOM.DIST($A5,$C$3,'Benchmarks by Card Role'!K$12,99,FALSE) -> 0.028100846 | X27: =_xlfn.HYPGEOM.DIST($A5,$C$3,'Benchmarks by Card Role'!L$12,99,FALSE) -> 0.035614442 | Z27: =_xlfn.HYPGEOM.DIST($A5,$C$3,'Benchmarks by Card Role'!D$22,99,FALSE) -> 0.0016019607 | AA27: =_xlfn.HYPGEOM.DIST($A5,$C$3,'Benchmarks by Card Role'!E$22,99,FALSE) -> 0.0029949701 | AB27: =_xlfn.HYPGEOM.DIST($A5,$C$3,'Benchmarks by Card Role'!F$22,99,FALSE) -> 0.0050354991 | AC27: =_xlfn.HYPGEOM.DIST($A5,$C$3,'Benchmarks by Card Role'!G$22,99,FALSE) -> 0.0078329986 | AD27: =_xlfn.HYPGEOM.DIST($A5,$C$3,'Benchmarks by Card Role'!H$22,99,FALSE) -> 0.011479178 | AE27: =_xlfn.HYPGEOM.DIST($A5,$C$3,'Benchmarks by Card Role'!I$22,99,FALSE) -> 0.01604476 | AF27: =_xlfn.HYPGEOM.DIST($A5,$C$3,'Benchmarks by Card Role'!J$22,99,FALSE) -> 0.021577436 | AG27: =_xlfn.HYPGEOM.DIST($A5,$C$3,'Benchmarks by Card Role'!K$22,99,FALSE) -> 0.028100846 | AH27: =_xlfn.HYPGEOM.DIST($A5,$C$3,'Benchmarks by Card Role'!L$22,99,FALSE) -> 0.035614442 | AJ27: =_xlfn.HYPGEOM.DIST($A5,$C$3,'Benchmarks by Card Role'!D$32,99,FALSE) -> 0 | AK27: =_xlfn.HYPGEOM.DIST($A5,$C$3,'Benchmarks by Card Role'!E$32,99,FALSE) -> 0 | AL27: =_xlfn.HYPGEOM.DIST($A5,$C$3,'Benchmarks by Card Role'!F$32,99,FALSE) -> 0 | AM27: =_xlfn.HYPGEOM.DIST($A5,$C$3,'Benchmarks by Card Role'!G$32,99,FALSE) -> 0 | AN27: =_xlfn.HYPGEOM.DIST($A5,$C$3,'Benchmarks by Card Role'!H$32,99,FALSE) -> 5.5786138e-05 | AO27: =_xlfn.HYPGEOM.DIST($A5,$C$3,'Benchmarks by Card Role'!I$32,99,FALSE) -> 0.00026131402 | AP27: =_xlfn.HYPGEOM.DIST($A5,$C$3,'Benchmarks by Card Role'!J$32,99,FALSE) -> 0.00073390319 | AQ27: =_xlfn.HYPGEOM.DIST($A5,$C$3,'Benchmarks by Card Role'!K$32,99,FALSE) -> 0.0016019607 | AR27: =_xlfn.HYPGEOM.DIST($A5,$C$3,'Benchmarks by Card Role'!L$32,99,FALSE) -> 0.0029949701 | AT27: =_xlfn.HYPGEOM.DIST($A5,$C$3,'Benchmarks by Card Role'!D$42,99,FALSE) -> 0.0050354991 | AU27: =_xlfn.HYPGEOM.DIST($A5,$C$3,'Benchmarks by Card Role'!E$42,99,FALSE) -> 0.0078329986 | AV27: =_xlfn.HYPGEOM.DIST($A5,$C$3,'Benchmarks by Card Role'!F$42,99,FALSE) -> 0.011479178 | AW27: =_xlfn.HYPGEOM.DIST($A5,$C$3,'Benchmarks by Card Role'!G$42,99,FALSE) -> 0.01604476 | AX27: =_xlfn.HYPGEOM.DIST($A5,$C$3,'Benchmarks by Card Role'!H$42,99,FALSE) -> 0.021577436 | AY27: =_xlfn.HYPGEOM.DIST($A5,$C$3,'Benchmarks by Card Role'!I$42,99,FALSE) -> 0.028100846 | AZ27: =_xlfn.HYPGEOM.DIST($A5,$C$3,'Benchmarks by Card Role'!J$42,99,FALSE) -> 0.035614442 | BA27: =_xlfn.HYPGEOM.DIST($A5,$C$3,'Benchmarks by Card Role'!K$42,99,FALSE) -> 0.044094071 | BB27: =_xlfn.HYPGEOM.DIST($A5,$C$3,'Benchmarks by Card Role'!L$42,99,FALSE) -> 0.053493178
F28: =_xlfn.HYPGEOM.DIST($A6,$C$3,'Benchmarks by Card Role'!D$2,99,FALSE) -> 0.092256739 | G28: =_xlfn.HYPGEOM.DIST($A6,$C$3,'Benchmarks by Card Role'!E$2,99,FALSE) -> 0.10280037 | H28: =_xlfn.HYPGEOM.DIST($A6,$C$3,'Benchmarks by Card Role'!F$2,99,FALSE) -> 0.11368781 | I28: =_xlfn.HYPGEOM.DIST($A6,$C$3,'Benchmarks by Card Role'!G$2,99,FALSE) -> 0.12483367 | J28: =_xlfn.HYPGEOM.DIST($A6,$C$3,'Benchmarks by Card Role'!H$2,99,FALSE) -> 0.13614589 | K28: =_xlfn.HYPGEOM.DIST($A6,$C$3,'Benchmarks by Card Role'!I$2,99,FALSE) -> 0.14752695 | L28: =_xlfn.HYPGEOM.DIST($A6,$C$3,'Benchmarks by Card Role'!J$2,99,FALSE) -> 0.15887517 | M28: =_xlfn.HYPGEOM.DIST($A6,$C$3,'Benchmarks by Card Role'!K$2,99,FALSE) -> 0.17008612 | N28: =_xlfn.HYPGEOM.DIST($A6,$C$3,'Benchmarks by Card Role'!L$2,99,FALSE) -> 0.18105398 | P28: =_xlfn.HYPGEOM.DIST($A6,$C$3,'Benchmarks by Card Role'!D$12,99,FALSE) -> 6.628803e-05 | Q28: =_xlfn.HYPGEOM.DIST($A6,$C$3,'Benchmarks by Card Role'!E$12,99,FALSE) -> 0.00016716112 | R28: =_xlfn.HYPGEOM.DIST($A6,$C$3,'Benchmarks by Card Role'!F$12,99,FALSE) -> 0.000355447 | S28: =_xlfn.HYPGEOM.DIST($A6,$C$3,'Benchmarks by Card Role'!G$12,99,FALSE) -> 0.00067139988 | T28: =_xlfn.HYPGEOM.DIST($A6,$C$3,'Benchmarks by Card Role'!H$12,99,FALSE) -> 0.0011617481 | U28: =_xlfn.HYPGEOM.DIST($A6,$C$3,'Benchmarks by Card Role'!I$12,99,FALSE) -> 0.0018784109 | V28: =_xlfn.HYPGEOM.DIST($A6,$C$3,'Benchmarks by Card Role'!J$12,99,FALSE) -> 0.0028769914 | W28: =_xlfn.HYPGEOM.DIST($A6,$C$3,'Benchmarks by Card Role'!K$12,99,FALSE) -> 0.004215127 | X28: =_xlfn.HYPGEOM.DIST($A6,$C$3,'Benchmarks by Card Role'!L$12,99,FALSE) -> 0.0059507675 | Z28: =_xlfn.HYPGEOM.DIST($A6,$C$3,'Benchmarks by Card Role'!D$22,99,FALSE) -> 6.628803e-05 | AA28: =_xlfn.HYPGEOM.DIST($A6,$C$3,'Benchmarks by Card Role'!E$22,99,FALSE) -> 0.00016716112 | AB28: =_xlfn.HYPGEOM.DIST($A6,$C$3,'Benchmarks by Card Role'!F$22,99,FALSE) -> 0.000355447 | AC28: =_xlfn.HYPGEOM.DIST($A6,$C$3,'Benchmarks by Card Role'!G$22,99,FALSE) -> 0.00067139988 | AD28: =_xlfn.HYPGEOM.DIST($A6,$C$3,'Benchmarks by Card Role'!H$22,99,FALSE) -> 0.0011617481 | AE28: =_xlfn.HYPGEOM.DIST($A6,$C$3,'Benchmarks by Card Role'!I$22,99,FALSE) -> 0.0018784109 | AF28: =_xlfn.HYPGEOM.DIST($A6,$C$3,'Benchmarks by Card Role'!J$22,99,FALSE) -> 0.0028769914 | AG28: =_xlfn.HYPGEOM.DIST($A6,$C$3,'Benchmarks by Card Role'!K$22,99,FALSE) -> 0.004215127 | AH28: =_xlfn.HYPGEOM.DIST($A6,$C$3,'Benchmarks by Card Role'!L$22,99,FALSE) -> 0.0059507675 | AJ28: =_xlfn.HYPGEOM.DIST($A6,$C$3,'Benchmarks by Card Role'!D$32,99,FALSE) -> 0 | AK28: =_xlfn.HYPGEOM.DIST($A6,$C$3,'Benchmarks by Card Role'!E$32,99,FALSE) -> 0 | AL28: =_xlfn.HYPGEOM.DIST($A6,$C$3,'Benchmarks by Card Role'!F$32,99,FALSE) -> 0 | AM28: =_xlfn.HYPGEOM.DIST($A6,$C$3,'Benchmarks by Card Role'!G$32,99,FALSE) -> 0 | AN28: =_xlfn.HYPGEOM.DIST($A6,$C$3,'Benchmarks by Card Role'!H$32,99,FALSE) -> 0 | AO28: =_xlfn.HYPGEOM.DIST($A6,$C$3,'Benchmarks by Card Role'!I$32,99,FALSE) -> 3.523335e-06 | AP28: =_xlfn.HYPGEOM.DIST($A6,$C$3,'Benchmarks by Card Role'!J$32,99,FALSE) -> 2.0015542e-05 | AQ28: =_xlfn.HYPGEOM.DIST($A6,$C$3,'Benchmarks by Card Role'!K$32,99,FALSE) -> 6.628803e-05 | AR28: =_xlfn.HYPGEOM.DIST($A6,$C$3,'Benchmarks by Card Role'!L$32,99,FALSE) -> 0.00016716112 | AT28: =_xlfn.HYPGEOM.DIST($A6,$C$3,'Benchmarks by Card Role'!D$42,99,FALSE) -> 0.000355447 | AU28: =_xlfn.HYPGEOM.DIST($A6,$C$3,'Benchmarks by Card Role'!E$42,99,FALSE) -> 0.00067139988 | AV28: =_xlfn.HYPGEOM.DIST($A6,$C$3,'Benchmarks by Card Role'!F$42,99,FALSE) -> 0.0011617481 | AW28: =_xlfn.HYPGEOM.DIST($A6,$C$3,'Benchmarks by Card Role'!G$42,99,FALSE) -> 0.0018784109 | AX28: =_xlfn.HYPGEOM.DIST($A6,$C$3,'Benchmarks by Card Role'!H$42,99,FALSE) -> 0.0028769914 | AY28: =_xlfn.HYPGEOM.DIST($A6,$C$3,'Benchmarks by Card Role'!I$42,99,FALSE) -> 0.004215127 | AZ28: =_xlfn.HYPGEOM.DIST($A6,$C$3,'Benchmarks by Card Role'!J$42,99,FALSE) -> 0.0059507675 | BA28: =_xlfn.HYPGEOM.DIST($A6,$C$3,'Benchmarks by Card Role'!K$42,99,FALSE) -> 0.0081404438 | BB28: =_xlfn.HYPGEOM.DIST($A6,$C$3,'Benchmarks by Card Role'!L$42,99,FALSE) -> 0.010837579
F29: =_xlfn.HYPGEOM.DIST($A7,$C$3,'Benchmarks by Card Role'!D$2,99,FALSE) -> 0.027956588 | G29: =_xlfn.HYPGEOM.DIST($A7,$C$3,'Benchmarks by Card Role'!E$2,99,FALSE) -> 0.032948835 | H29: =_xlfn.HYPGEOM.DIST($A7,$C$3,'Benchmarks by Card Role'!F$2,99,FALSE) -> 0.03848806 | I29: =_xlfn.HYPGEOM.DIST($A7,$C$3,'Benchmarks by Card Role'!G$2,99,FALSE) -> 0.044583454 | J29: =_xlfn.HYPGEOM.DIST($A7,$C$3,'Benchmarks by Card Role'!H$2,99,FALSE) -> 0.051237701 | K29: =_xlfn.HYPGEOM.DIST($A7,$C$3,'Benchmarks by Card Role'!I$2,99,FALSE) -> 0.058446468 | L29: =_xlfn.HYPGEOM.DIST($A7,$C$3,'Benchmarks by Card Role'!J$2,99,FALSE) -> 0.066197989 | M29: =_xlfn.HYPGEOM.DIST($A7,$C$3,'Benchmarks by Card Role'!K$2,99,FALSE) -> 0.074472738 | N29: =_xlfn.HYPGEOM.DIST($A7,$C$3,'Benchmarks by Card Role'!L$2,99,FALSE) -> 0.083243209 | P29: =_xlfn.HYPGEOM.DIST($A7,$C$3,'Benchmarks by Card Role'!D$12,99,FALSE) -> 1.2554551e-06 | Q29: =_xlfn.HYPGEOM.DIST($A7,$C$3,'Benchmarks by Card Role'!E$12,99,FALSE) -> 4.8034805e-06 | R29: =_xlfn.HYPGEOM.DIST($A7,$C$3,'Benchmarks by Card Role'!F$12,99,FALSE) -> 1.3777015e-05 | S29: =_xlfn.HYPGEOM.DIST($A7,$C$3,'Benchmarks by Card Role'!G$12,99,FALSE) -> 3.2911759e-05 | T29: =_xlfn.HYPGEOM.DIST($A7,$C$3,'Benchmarks by Card Role'!H$12,99,FALSE) -> 6.9151673e-05 | U29: =_xlfn.HYPGEOM.DIST($A7,$C$3,'Benchmarks by Card Role'!I$12,99,FALSE) -> 0.00013201683 | V29: =_xlfn.HYPGEOM.DIST($A7,$C$3,'Benchmarks by Card Role'!J$12,99,FALSE) -> 0.00023390174 | W29: =_xlfn.HYPGEOM.DIST($A7,$C$3,'Benchmarks by Card Role'!K$12,99,FALSE) -> 0.00039028953 | X29: =_xlfn.HYPGEOM.DIST($A7,$C$3,'Benchmarks by Card Role'!L$12,99,FALSE) -> 0.00061987161 | Z29: =_xlfn.HYPGEOM.DIST($A7,$C$3,'Benchmarks by Card Role'!D$22,99,FALSE) -> 1.2554551e-06 | AA29: =_xlfn.HYPGEOM.DIST($A7,$C$3,'Benchmarks by Card Role'!E$22,99,FALSE) -> 4.8034805e-06 | AB29: =_xlfn.HYPGEOM.DIST($A7,$C$3,'Benchmarks by Card Role'!F$22,99,FALSE) -> 1.3777015e-05 | AC29: =_xlfn.HYPGEOM.DIST($A7,$C$3,'Benchmarks by Card Role'!G$22,99,FALSE) -> 3.2911759e-05 | AD29: =_xlfn.HYPGEOM.DIST($A7,$C$3,'Benchmarks by Card Role'!H$22,99,FALSE) -> 6.9151673e-05 | AE29: =_xlfn.HYPGEOM.DIST($A7,$C$3,'Benchmarks by Card Role'!I$22,99,FALSE) -> 0.00013201683 | AF29: =_xlfn.HYPGEOM.DIST($A7,$C$3,'Benchmarks by Card Role'!J$22,99,FALSE) -> 0.00023390174 | AG29: =_xlfn.HYPGEOM.DIST($A7,$C$3,'Benchmarks by Card Role'!K$22,99,FALSE) -> 0.00039028953 | AH29: =_xlfn.HYPGEOM.DIST($A7,$C$3,'Benchmarks by Card Role'!L$22,99,FALSE) -> 0.00061987161 | AJ29: =_xlfn.HYPGEOM.DIST($A7,$C$3,'Benchmarks by Card Role'!D$32,99,FALSE) -> 0 | AK29: =_xlfn.HYPGEOM.DIST($A7,$C$3,'Benchmarks by Card Role'!E$32,99,FALSE) -> 0 | AL29: =_xlfn.HYPGEOM.DIST($A7,$C$3,'Benchmarks by Card Role'!F$32,99,FALSE) -> 0 | AM29: =_xlfn.HYPGEOM.DIST($A7,$C$3,'Benchmarks by Card Role'!G$32,99,FALSE) -> 0 | AN29: =_xlfn.HYPGEOM.DIST($A7,$C$3,'Benchmarks by Card Role'!H$32,99,FALSE) -> 0 | AO29: =_xlfn.HYPGEOM.DIST($A7,$C$3,'Benchmarks by Card Role'!I$32,99,FALSE) -> 0 | AP29: =_xlfn.HYPGEOM.DIST($A7,$C$3,'Benchmarks by Card Role'!J$32,99,FALSE) -> 1.8741144e-07 | AQ29: =_xlfn.HYPGEOM.DIST($A7,$C$3,'Benchmarks by Card Role'!K$32,99,FALSE) -> 1.2554551e-06 | AR29: =_xlfn.HYPGEOM.DIST($A7,$C$3,'Benchmarks by Card Role'!L$32,99,FALSE) -> 4.8034805e-06 | AT29: =_xlfn.HYPGEOM.DIST($A7,$C$3,'Benchmarks by Card Role'!D$42,99,FALSE) -> 1.3777015e-05 | AU29: =_xlfn.HYPGEOM.DIST($A7,$C$3,'Benchmarks by Card Role'!E$42,99,FALSE) -> 3.2911759e-05 | AV29: =_xlfn.HYPGEOM.DIST($A7,$C$3,'Benchmarks by Card Role'!F$42,99,FALSE) -> 6.9151673e-05 | AW29: =_xlfn.HYPGEOM.DIST($A7,$C$3,'Benchmarks by Card Role'!G$42,99,FALSE) -> 0.00013201683 | AX29: =_xlfn.HYPGEOM.DIST($A7,$C$3,'Benchmarks by Card Role'!H$42,99,FALSE) -> 0.00023390174 | AY29: =_xlfn.HYPGEOM.DIST($A7,$C$3,'Benchmarks by Card Role'!I$42,99,FALSE) -> 0.00039028953 | AZ29: =_xlfn.HYPGEOM.DIST($A7,$C$3,'Benchmarks by Card Role'!J$42,99,FALSE) -> 0.00061987161 | BA29: =_xlfn.HYPGEOM.DIST($A7,$C$3,'Benchmarks by Card Role'!K$42,99,FALSE) -> 0.00094456627 | BB29: =_xlfn.HYPGEOM.DIST($A7,$C$3,'Benchmarks by Card Role'!L$42,99,FALSE) -> 0.0013894332
F30: =_xlfn.HYPGEOM.DIST($A8,$C$3,'Benchmarks by Card Role'!D$2,99,FALSE) -> 0.0054840214 | G30: =_xlfn.HYPGEOM.DIST($A8,$C$3,'Benchmarks by Card Role'!E$2,99,FALSE) -> 0.0068465112 | H30: =_xlfn.HYPGEOM.DIST($A8,$C$3,'Benchmarks by Card Role'!F$2,99,FALSE) -> 0.0084589142 | I30: =_xlfn.HYPGEOM.DIST($A8,$C$3,'Benchmarks by Card Role'!G$2,99,FALSE) -> 0.01034973 | J30: =_xlfn.HYPGEOM.DIST($A8,$C$3,'Benchmarks by Card Role'!H$2,99,FALSE) -> 0.012548008 | K30: =_xlfn.HYPGEOM.DIST($A8,$C$3,'Benchmarks by Card Role'!I$2,99,FALSE) -> 0.01508296 | L30: =_xlfn.HYPGEOM.DIST($A8,$C$3,'Benchmarks by Card Role'!J$2,99,FALSE) -> 0.017983529 | M30: =_xlfn.HYPGEOM.DIST($A8,$C$3,'Benchmarks by Card Role'!K$2,99,FALSE) -> 0.021277925 | N30: =_xlfn.HYPGEOM.DIST($A8,$C$3,'Benchmarks by Card Role'!L$2,99,FALSE) -> 0.024993118 | P30: =_xlfn.HYPGEOM.DIST($A8,$C$3,'Benchmarks by Card Role'!D$12,99,FALSE) -> 8.060707e-09 | Q30: =_xlfn.HYPGEOM.DIST($A8,$C$3,'Benchmarks by Card Role'!E$12,99,FALSE) -> 6.2382863e-08 | R30: =_xlfn.HYPGEOM.DIST($A8,$C$3,'Benchmarks by Card Role'!F$12,99,FALSE) -> 2.7146828e-07 | S30: =_xlfn.HYPGEOM.DIST($A8,$C$3,'Benchmarks by Card Role'!G$12,99,FALSE) -> 8.7473114e-07 | T30: =_xlfn.HYPGEOM.DIST($A8,$C$3,'Benchmarks by Card Role'!H$12,99,FALSE) -> 2.324426e-06 | U30: =_xlfn.HYPGEOM.DIST($A8,$C$3,'Benchmarks by Card Role'!I$12,99,FALSE) -> 5.3884421e-06 | V30: =_xlfn.HYPGEOM.DIST($A8,$C$3,'Benchmarks by Card Role'!J$12,99,FALSE) -> 1.1272373e-05 | W30: =_xlfn.HYPGEOM.DIST($A8,$C$3,'Benchmarks by Card Role'!K$12,99,FALSE) -> 2.1758302e-05 | X30: =_xlfn.HYPGEOM.DIST($A8,$C$3,'Benchmarks by Card Role'!L$12,99,FALSE) -> 3.9356928e-05 | Z30: =_xlfn.HYPGEOM.DIST($A8,$C$3,'Benchmarks by Card Role'!D$22,99,FALSE) -> 8.060707e-09 | AA30: =_xlfn.HYPGEOM.DIST($A8,$C$3,'Benchmarks by Card Role'!E$22,99,FALSE) -> 6.2382863e-08 | AB30: =_xlfn.HYPGEOM.DIST($A8,$C$3,'Benchmarks by Card Role'!F$22,99,FALSE) -> 2.7146828e-07 | AC30: =_xlfn.HYPGEOM.DIST($A8,$C$3,'Benchmarks by Card Role'!G$22,99,FALSE) -> 8.7473114e-07 | AD30: =_xlfn.HYPGEOM.DIST($A8,$C$3,'Benchmarks by Card Role'!H$22,99,FALSE) -> 2.324426e-06 | AE30: =_xlfn.HYPGEOM.DIST($A8,$C$3,'Benchmarks by Card Role'!I$22,99,FALSE) -> 5.3884421e-06 | AF30: =_xlfn.HYPGEOM.DIST($A8,$C$3,'Benchmarks by Card Role'!J$22,99,FALSE) -> 1.1272373e-05 | AG30: =_xlfn.HYPGEOM.DIST($A8,$C$3,'Benchmarks by Card Role'!K$22,99,FALSE) -> 2.1758302e-05 | AH30: =_xlfn.HYPGEOM.DIST($A8,$C$3,'Benchmarks by Card Role'!L$22,99,FALSE) -> 3.9356928e-05 | AJ30: =_xlfn.HYPGEOM.DIST($A8,$C$3,'Benchmarks by Card Role'!D$32,99,FALSE) -> 0 | AK30: =_xlfn.HYPGEOM.DIST($A8,$C$3,'Benchmarks by Card Role'!E$32,99,FALSE) -> 0 | AL30: =_xlfn.HYPGEOM.DIST($A8,$C$3,'Benchmarks by Card Role'!F$32,99,FALSE) -> 0 | AM30: =_xlfn.HYPGEOM.DIST($A8,$C$3,'Benchmarks by Card Role'!G$32,99,FALSE) -> 0 | AN30: =_xlfn.HYPGEOM.DIST($A8,$C$3,'Benchmarks by Card Role'!H$32,99,FALSE) -> 0 | AO30: =_xlfn.HYPGEOM.DIST($A8,$C$3,'Benchmarks by Card Role'!I$32,99,FALSE) -> 0 | AP30: =_xlfn.HYPGEOM.DIST($A8,$C$3,'Benchmarks by Card Role'!J$32,99,FALSE) -> 0 | AQ30: =_xlfn.HYPGEOM.DIST($A8,$C$3,'Benchmarks by Card Role'!K$32,99,FALSE) -> 8.060707e-09 | AR30: =_xlfn.HYPGEOM.DIST($A8,$C$3,'Benchmarks by Card Role'!L$32,99,FALSE) -> 6.2382863e-08 | AT30: =_xlfn.HYPGEOM.DIST($A8,$C$3,'Benchmarks by Card Role'!D$42,99,FALSE) -> 2.7146828e-07 | AU30: =_xlfn.HYPGEOM.DIST($A8,$C$3,'Benchmarks by Card Role'!E$42,99,FALSE) -> 8.7473114e-07 | AV30: =_xlfn.HYPGEOM.DIST($A8,$C$3,'Benchmarks by Card Role'!F$42,99,FALSE) -> 2.324426e-06 | AW30: =_xlfn.HYPGEOM.DIST($A8,$C$3,'Benchmarks by Card Role'!G$42,99,FALSE) -> 5.3884421e-06 | AX30: =_xlfn.HYPGEOM.DIST($A8,$C$3,'Benchmarks by Card Role'!H$42,99,FALSE) -> 1.1272373e-05 | AY30: =_xlfn.HYPGEOM.DIST($A8,$C$3,'Benchmarks by Card Role'!I$42,99,FALSE) -> 2.1758302e-05 | AZ30: =_xlfn.HYPGEOM.DIST($A8,$C$3,'Benchmarks by Card Role'!J$42,99,FALSE) -> 3.9356928e-05 | BA30: =_xlfn.HYPGEOM.DIST($A8,$C$3,'Benchmarks by Card Role'!K$42,99,FALSE) -> 6.7469019e-05 | BB30: =_xlfn.HYPGEOM.DIST($A8,$C$3,'Benchmarks by Card Role'!L$42,99,FALSE) -> 0.00011055165
F31: =_xlfn.HYPGEOM.DIST($A9,$C$3,'Benchmarks by Card Role'!D$2,99,FALSE) -> 0.00066534084 | G31: =_xlfn.HYPGEOM.DIST($A9,$C$3,'Benchmarks by Card Role'!E$2,99,FALSE) -> 0.00088136059 | H31: =_xlfn.HYPGEOM.DIST($A9,$C$3,'Benchmarks by Card Role'!F$2,99,FALSE) -> 0.0011534883 | I31: =_xlfn.HYPGEOM.DIST($A9,$C$3,'Benchmarks by Card Role'!G$2,99,FALSE) -> 0.0014927496 | J31: =_xlfn.HYPGEOM.DIST($A9,$C$3,'Benchmarks by Card Role'!H$2,99,FALSE) -> 0.0019116106 | K31: =_xlfn.HYPGEOM.DIST($A9,$C$3,'Benchmarks by Card Role'!I$2,99,FALSE) -> 0.0024240471 | L31: =_xlfn.HYPGEOM.DIST($A9,$C$3,'Benchmarks by Card Role'!J$2,99,FALSE) -> 0.0030455976 | M31: =_xlfn.HYPGEOM.DIST($A9,$C$3,'Benchmarks by Card Role'!K$2,99,FALSE) -> 0.0037934006 | N31: =_xlfn.HYPGEOM.DIST($A9,$C$3,'Benchmarks by Card Role'!L$2,99,FALSE) -> 0.0046862097 | P31: =_xlfn.HYPGEOM.DIST($A9,$C$3,'Benchmarks by Card Role'!D$12,99,FALSE) -> 0 | Q31: =_xlfn.HYPGEOM.DIST($A9,$C$3,'Benchmarks by Card Role'!E$12,99,FALSE) -> 2.6284914e-10 | R31: =_xlfn.HYPGEOM.DIST($A9,$C$3,'Benchmarks by Card Role'!F$12,99,FALSE) -> 2.3136501e-09 | S31: =_xlfn.HYPGEOM.DIST($A9,$C$3,'Benchmarks by Card Role'!G$12,99,FALSE) -> 1.1311178e-08 | T31: =_xlfn.HYPGEOM.DIST($A9,$C$3,'Benchmarks by Card Role'!H$12,99,FALSE) -> 4.0542314e-08 | U31: =_xlfn.HYPGEOM.DIST($A9,$C$3,'Benchmarks by Card Role'!I$12,99,FALSE) -> 1.1886269e-07 | V31: =_xlfn.HYPGEOM.DIST($A9,$C$3,'Benchmarks by Card Role'!J$12,99,FALSE) -> 3.0193857e-07 | W31: =_xlfn.HYPGEOM.DIST($A9,$C$3,'Benchmarks by Card Role'!K$12,99,FALSE) -> 6.8813906e-07 | X31: =_xlfn.HYPGEOM.DIST($A9,$C$3,'Benchmarks by Card Role'!L$12,99,FALSE) -> 1.4398876e-06 | Z31: =_xlfn.HYPGEOM.DIST($A9,$C$3,'Benchmarks by Card Role'!D$22,99,FALSE) -> 0 | AA31: =_xlfn.HYPGEOM.DIST($A9,$C$3,'Benchmarks by Card Role'!E$22,99,FALSE) -> 2.6284914e-10 | AB31: =_xlfn.HYPGEOM.DIST($A9,$C$3,'Benchmarks by Card Role'!F$22,99,FALSE) -> 2.3136501e-09 | AC31: =_xlfn.HYPGEOM.DIST($A9,$C$3,'Benchmarks by Card Role'!G$22,99,FALSE) -> 1.1311178e-08 | AD31: =_xlfn.HYPGEOM.DIST($A9,$C$3,'Benchmarks by Card Role'!H$22,99,FALSE) -> 4.0542314e-08 | AE31: =_xlfn.HYPGEOM.DIST($A9,$C$3,'Benchmarks by Card Role'!I$22,99,FALSE) -> 1.1886269e-07 | AF31: =_xlfn.HYPGEOM.DIST($A9,$C$3,'Benchmarks by Card Role'!J$22,99,FALSE) -> 3.0193857e-07 | AG31: =_xlfn.HYPGEOM.DIST($A9,$C$3,'Benchmarks by Card Role'!K$22,99,FALSE) -> 6.8813906e-07 | AH31: =_xlfn.HYPGEOM.DIST($A9,$C$3,'Benchmarks by Card Role'!L$22,99,FALSE) -> 1.4398876e-06 | AJ31: =_xlfn.HYPGEOM.DIST($A9,$C$3,'Benchmarks by Card Role'!D$32,99,FALSE) -> 0 | AK31: =_xlfn.HYPGEOM.DIST($A9,$C$3,'Benchmarks by Card Role'!E$32,99,FALSE) -> 0 | AL31: =_xlfn.HYPGEOM.DIST($A9,$C$3,'Benchmarks by Card Role'!F$32,99,FALSE) -> 0 | AM31: =_xlfn.HYPGEOM.DIST($A9,$C$3,'Benchmarks by Card Role'!G$32,99,FALSE) -> 0 | AN31: =_xlfn.HYPGEOM.DIST($A9,$C$3,'Benchmarks by Card Role'!H$32,99,FALSE) -> 0 | AO31: =_xlfn.HYPGEOM.DIST($A9,$C$3,'Benchmarks by Card Role'!I$32,99,FALSE) -> 0 | AP31: =_xlfn.HYPGEOM.DIST($A9,$C$3,'Benchmarks by Card Role'!J$32,99,FALSE) -> 0 | AQ31: =_xlfn.HYPGEOM.DIST($A9,$C$3,'Benchmarks by Card Role'!K$32,99,FALSE) -> 0 | AR31: =_xlfn.HYPGEOM.DIST($A9,$C$3,'Benchmarks by Card Role'!L$32,99,FALSE) -> 2.6284914e-10 | AT31: =_xlfn.HYPGEOM.DIST($A9,$C$3,'Benchmarks by Card Role'!D$42,99,FALSE) -> 2.3136501e-09 | AU31: =_xlfn.HYPGEOM.DIST($A9,$C$3,'Benchmarks by Card Role'!E$42,99,FALSE) -> 1.1311178e-08 | AV31: =_xlfn.HYPGEOM.DIST($A9,$C$3,'Benchmarks by Card Role'!F$42,99,FALSE) -> 4.0542314e-08 | AW31: =_xlfn.HYPGEOM.DIST($A9,$C$3,'Benchmarks by Card Role'!G$42,99,FALSE) -> 1.1886269e-07 | AX31: =_xlfn.HYPGEOM.DIST($A9,$C$3,'Benchmarks by Card Role'!H$42,99,FALSE) -> 3.0193857e-07 | AY31: =_xlfn.HYPGEOM.DIST($A9,$C$3,'Benchmarks by Card Role'!I$42,99,FALSE) -> 6.8813906e-07 | AZ31: =_xlfn.HYPGEOM.DIST($A9,$C$3,'Benchmarks by Card Role'!J$42,99,FALSE) -> 1.4398876e-06 | BA31: =_xlfn.HYPGEOM.DIST($A9,$C$3,'Benchmarks by Card Role'!K$42,99,FALSE) -> 2.8112091e-06 | BB31: =_xlfn.HYPGEOM.DIST($A9,$C$3,'Benchmarks by Card Role'!L$42,99,FALSE) -> 5.1821084e-06
F32: =SUM(F23*$A$1,F24*$A$2,F25*$A$3,F26*$A$4,F27*$A$5,F28*$A$6,F29*$A$7,F30*$A$8,F31*$A$9) -> 2.9288751 | G32: =SUM(G23*$A$1,G24*$A$2,G25*$A$3,G26*$A$4,G27*$A$5,G28*$A$6,G29*$A$7,G30*$A$8,G31*$A$9) -> 3.0297135 | H32: =SUM(H23*$A$1,H24*$A$2,H25*$A$3,H26*$A$4,H27*$A$5,H28*$A$6,H29*$A$7,H30*$A$8,H31*$A$9) -> 3.1304927 | I32: =SUM(I23*$A$1,I24*$A$2,I25*$A$3,I26*$A$4,I27*$A$5,I28*$A$6,I29*$A$7,I30*$A$8,I31*$A$9) -> 3.2311962 | J32: =SUM(J23*$A$1,J24*$A$2,J25*$A$3,J26*$A$4,J27*$A$5,J28*$A$6,J29*$A$7,J30*$A$8,J31*$A$9) -> 3.3318035 | K32: =SUM(K23*$A$1,K24*$A$2,K25*$A$3,K26*$A$4,K27*$A$5,K28*$A$6,K29*$A$7,K30*$A$8,K31*$A$9) -> 3.4322897 | L32: =SUM(L23*$A$1,L24*$A$2,L25*$A$3,L26*$A$4,L27*$A$5,L28*$A$6,L29*$A$7,L30*$A$8,L31*$A$9) -> 3.5326252 | M32: =SUM(M23*$A$1,M24*$A$2,M25*$A$3,M26*$A$4,M27*$A$5,M28*$A$6,M29*$A$7,M30*$A$8,M31*$A$9) -> 3.6327742 | N32: =SUM(N23*$A$1,N24*$A$2,N25*$A$3,N26*$A$4,N27*$A$5,N28*$A$6,N29*$A$7,N30*$A$8,N31*$A$9) -> 3.7326944 | P32: =SUM(P23*$A$1,P24*$A$2,P25*$A$3,P26*$A$4,P27*$A$5,P28*$A$6,P29*$A$7,P30*$A$8,P31*$A$9) -> 0.70707071 | Q32: =SUM(Q23*$A$1,Q24*$A$2,Q25*$A$3,Q26*$A$4,Q27*$A$5,Q28*$A$6,Q29*$A$7,Q30*$A$8,Q31*$A$9) -> 0.80808081 | R32: =SUM(R23*$A$1,R24*$A$2,R25*$A$3,R26*$A$4,R27*$A$5,R28*$A$6,R29*$A$7,R30*$A$8,R31*$A$9) -> 0.90909091 | S32: =SUM(S23*$A$1,S24*$A$2,S25*$A$3,S26*$A$4,S27*$A$5,S28*$A$6,S29*$A$7,S30*$A$8,S31*$A$9) -> 1.010101 | T32: =SUM(T23*$A$1,T24*$A$2,T25*$A$3,T26*$A$4,T27*$A$5,T28*$A$6,T29*$A$7,T30*$A$8,T31*$A$9) -> 1.1111111 | U32: =SUM(U23*$A$1,U24*$A$2,U25*$A$3,U26*$A$4,U27*$A$5,U28*$A$6,U29*$A$7,U30*$A$8,U31*$A$9) -> 1.2121212 | V32: =SUM(V23*$A$1,V24*$A$2,V25*$A$3,V26*$A$4,V27*$A$5,V28*$A$6,V29*$A$7,V30*$A$8,V31*$A$9) -> 1.3131313 | W32: =SUM(W23*$A$1,W24*$A$2,W25*$A$3,W26*$A$4,W27*$A$5,W28*$A$6,W29*$A$7,W30*$A$8,W31*$A$9) -> 1.4141413 | X32: =SUM(X23*$A$1,X24*$A$2,X25*$A$3,X26*$A$4,X27*$A$5,X28*$A$6,X29*$A$7,X30*$A$8,X31*$A$9) -> 1.5151513 | Z32: =SUM(Z23*$A$1,Z24*$A$2,Z25*$A$3,Z26*$A$4,Z27*$A$5,Z28*$A$6,Z29*$A$7,Z30*$A$8,Z31*$A$9) -> 0.70707071 | AA32: =SUM(AA23*$A$1,AA24*$A$2,AA25*$A$3,AA26*$A$4,AA27*$A$5,AA28*$A$6,AA29*$A$7,AA30*$A$8,AA31*$A$9) -> 0.80808081 | AB32: =SUM(AB23*$A$1,AB24*$A$2,AB25*$A$3,AB26*$A$4,AB27*$A$5,AB28*$A$6,AB29*$A$7,AB30*$A$8,AB31*$A$9) -> 0.90909091 | AC32: =SUM(AC23*$A$1,AC24*$A$2,AC25*$A$3,AC26*$A$4,AC27*$A$5,AC28*$A$6,AC29*$A$7,AC30*$A$8,AC31*$A$9) -> 1.010101 | AD32: =SUM(AD23*$A$1,AD24*$A$2,AD25*$A$3,AD26*$A$4,AD27*$A$5,AD28*$A$6,AD29*$A$7,AD30*$A$8,AD31*$A$9) -> 1.1111111 | AE32: =SUM(AE23*$A$1,AE24*$A$2,AE25*$A$3,AE26*$A$4,AE27*$A$5,AE28*$A$6,AE29*$A$7,AE30*$A$8,AE31*$A$9) -> 1.2121212 | AF32: =SUM(AF23*$A$1,AF24*$A$2,AF25*$A$3,AF26*$A$4,AF27*$A$5,AF28*$A$6,AF29*$A$7,AF30*$A$8,AF31*$A$9) -> 1.3131313 | AG32: =SUM(AG23*$A$1,AG24*$A$2,AG25*$A$3,AG26*$A$4,AG27*$A$5,AG28*$A$6,AG29*$A$7,AG30*$A$8,AG31*$A$9) -> 1.4141413 | AH32: =SUM(AH23*$A$1,AH24*$A$2,AH25*$A$3,AH26*$A$4,AH27*$A$5,AH28*$A$6,AH29*$A$7,AH30*$A$8,AH31*$A$9) -> 1.5151513 | AJ32: =SUM(AJ23*$A$1,AJ24*$A$2,AJ25*$A$3,AJ26*$A$4,AJ27*$A$5,AJ28*$A$6,AJ29*$A$7,AJ30*$A$8,AJ31*$A$9) -> 0 | AK32: =SUM(AK23*$A$1,AK24*$A$2,AK25*$A$3,AK26*$A$4,AK27*$A$5,AK28*$A$6,AK29*$A$7,AK30*$A$8,AK31*$A$9) -> 0.1010101 | AL32: =SUM(AL23*$A$1,AL24*$A$2,AL25*$A$3,AL26*$A$4,AL27*$A$5,AL28*$A$6,AL29*$A$7,AL30*$A$8,AL31*$A$9) -> 0.2020202 | AM32: =SUM(AM23*$A$1,AM24*$A$2,AM25*$A$3,AM26*$A$4,AM27*$A$5,AM28*$A$6,AM29*$A$7,AM30*$A$8,AM31*$A$9) -> 0.3030303 | AN32: =SUM(AN23*$A$1,AN24*$A$2,AN25*$A$3,AN26*$A$4,AN27*$A$5,AN28*$A$6,AN29*$A$7,AN30*$A$8,AN31*$A$9) -> 0.4040404 | AO32: =SUM(AO23*$A$1,AO24*$A$2,AO25*$A$3,AO26*$A$4,AO27*$A$5,AO28*$A$6,AO29*$A$7,AO30*$A$8,AO31*$A$9) -> 0.50505051 | AP32: =SUM(AP23*$A$1,AP24*$A$2,AP25*$A$3,AP26*$A$4,AP27*$A$5,AP28*$A$6,AP29*$A$7,AP30*$A$8,AP31*$A$9) -> 0.60606061 | AQ32: =SUM(AQ23*$A$1,AQ24*$A$2,AQ25*$A$3,AQ26*$A$4,AQ27*$A$5,AQ28*$A$6,AQ29*$A$7,AQ30*$A$8,AQ31*$A$9) -> 0.70707071 | AR32: =SUM(AR23*$A$1,AR24*$A$2,AR25*$A$3,AR26*$A$4,AR27*$A$5,AR28*$A$6,AR29*$A$7,AR30*$A$8,AR31*$A$9) -> 0.80808081 | AT32: =SUM(AT23*$A$1,AT24*$A$2,AT25*$A$3,AT26*$A$4,AT27*$A$5,AT28*$A$6,AT29*$A$7,AT30*$A$8,AT31*$A$9) -> 0.90909091 | AU32: =SUM(AU23*$A$1,AU24*$A$2,AU25*$A$3,AU26*$A$4,AU27*$A$5,AU28*$A$6,AU29*$A$7,AU30*$A$8,AU31*$A$9) -> 1.010101 | AV32: =SUM(AV23*$A$1,AV24*$A$2,AV25*$A$3,AV26*$A$4,AV27*$A$5,AV28*$A$6,AV29*$A$7,AV30*$A$8,AV31*$A$9) -> 1.1111111 | AW32: =SUM(AW23*$A$1,AW24*$A$2,AW25*$A$3,AW26*$A$4,AW27*$A$5,AW28*$A$6,AW29*$A$7,AW30*$A$8,AW31*$A$9) -> 1.2121212 | AX32: =SUM(AX23*$A$1,AX24*$A$2,AX25*$A$3,AX26*$A$4,AX27*$A$5,AX28*$A$6,AX29*$A$7,AX30*$A$8,AX31*$A$9) -> 1.3131313 | AY32: =SUM(AY23*$A$1,AY24*$A$2,AY25*$A$3,AY26*$A$4,AY27*$A$5,AY28*$A$6,AY29*$A$7,AY30*$A$8,AY31*$A$9) -> 1.4141413 | AZ32: =SUM(AZ23*$A$1,AZ24*$A$2,AZ25*$A$3,AZ26*$A$4,AZ27*$A$5,AZ28*$A$6,AZ29*$A$7,AZ30*$A$8,AZ31*$A$9) -> 1.5151513 | BA32: =SUM(BA23*$A$1,BA24*$A$2,BA25*$A$3,BA26*$A$4,BA27*$A$5,BA28*$A$6,BA29*$A$7,BA30*$A$8,BA31*$A$9) -> 1.6161611 | BB32: =SUM(BB23*$A$1,BB24*$A$2,BB25*$A$3,BB26*$A$4,BB27*$A$5,BB28*$A$6,BB29*$A$7,BB30*$A$8,BB31*$A$9) -> 1.7171706
F34: =_xlfn.HYPGEOM.DIST($A1,$C$4,'Benchmarks by Card Role'!D$2,99,FALSE) -> 0.017166472 | G34: =_xlfn.HYPGEOM.DIST($A1,$C$4,'Benchmarks by Card Role'!E$2,99,FALSE) -> 0.014468884 | H34: =_xlfn.HYPGEOM.DIST($A1,$C$4,'Benchmarks by Card Role'!F$2,99,FALSE) -> 0.01216225 | I34: =_xlfn.HYPGEOM.DIST($A1,$C$4,'Benchmarks by Card Role'!G$2,99,FALSE) -> 0.010194827 | J34: =_xlfn.HYPGEOM.DIST($A1,$C$4,'Benchmarks by Card Role'!H$2,99,FALSE) -> 0.0085210497 | K34: =_xlfn.HYPGEOM.DIST($A1,$C$4,'Benchmarks by Card Role'!I$2,99,FALSE) -> 0.0071008747 | L34: =_xlfn.HYPGEOM.DIST($A1,$C$4,'Benchmarks by Card Role'!J$2,99,FALSE) -> 0.0058991882 | M34: =_xlfn.HYPGEOM.DIST($A1,$C$4,'Benchmarks by Card Role'!K$2,99,FALSE) -> 0.0048852653 | N34: =_xlfn.HYPGEOM.DIST($A1,$C$4,'Benchmarks by Card Role'!L$2,99,FALSE) -> 0.0040322824 | P34: =_xlfn.HYPGEOM.DIST($A1,$C$4,'Benchmarks by Card Role'!D$12,99,FALSE) -> 0.42643406 | Q34: =_xlfn.HYPGEOM.DIST($A1,$C$4,'Benchmarks by Card Role'!E$12,99,FALSE) -> 0.37544738 | R34: =_xlfn.HYPGEOM.DIST($A1,$C$4,'Benchmarks by Card Role'!F$12,99,FALSE) -> 0.33006363 | S34: =_xlfn.HYPGEOM.DIST($A1,$C$4,'Benchmarks by Card Role'!G$12,99,FALSE) -> 0.28972252 | T34: =_xlfn.HYPGEOM.DIST($A1,$C$4,'Benchmarks by Card Role'!H$12,99,FALSE) -> 0.25391412 | U34: =_xlfn.HYPGEOM.DIST($A1,$C$4,'Benchmarks by Card Role'!I$12,99,FALSE) -> 0.22217485 | V34: =_xlfn.HYPGEOM.DIST($A1,$C$4,'Benchmarks by Card Role'!J$12,99,FALSE) -> 0.19408378 | W34: =_xlfn.HYPGEOM.DIST($A1,$C$4,'Benchmarks by Card Role'!K$12,99,FALSE) -> 0.16925911 | X34: =_xlfn.HYPGEOM.DIST($A1,$C$4,'Benchmarks by Card Role'!L$12,99,FALSE) -> 0.14735499 | Z34: =_xlfn.HYPGEOM.DIST($A1,$C$4,'Benchmarks by Card Role'!D$22,99,FALSE) -> 0.42643406 | AA34: =_xlfn.HYPGEOM.DIST($A1,$C$4,'Benchmarks by Card Role'!E$22,99,FALSE) -> 0.37544738 | AB34: =_xlfn.HYPGEOM.DIST($A1,$C$4,'Benchmarks by Card Role'!F$22,99,FALSE) -> 0.33006363 | AC34: =_xlfn.HYPGEOM.DIST($A1,$C$4,'Benchmarks by Card Role'!G$22,99,FALSE) -> 0.28972252 | AD34: =_xlfn.HYPGEOM.DIST($A1,$C$4,'Benchmarks by Card Role'!H$22,99,FALSE) -> 0.25391412 | AE34: =_xlfn.HYPGEOM.DIST($A1,$C$4,'Benchmarks by Card Role'!I$22,99,FALSE) -> 0.22217485 | AF34: =_xlfn.HYPGEOM.DIST($A1,$C$4,'Benchmarks by Card Role'!J$22,99,FALSE) -> 0.19408378 | AG34: =_xlfn.HYPGEOM.DIST($A1,$C$4,'Benchmarks by Card Role'!K$22,99,FALSE) -> 0.16925911 | AH34: =_xlfn.HYPGEOM.DIST($A1,$C$4,'Benchmarks by Card Role'!L$22,99,FALSE) -> 0.14735499 | AJ34: =_xlfn.HYPGEOM.DIST($A1,$C$4,'Benchmarks by Card Role'!D$32,99,FALSE) -> 1 | AK34: =_xlfn.HYPGEOM.DIST($A1,$C$4,'Benchmarks by Card Role'!E$32,99,FALSE) -> 0.88888889 | AL34: =_xlfn.HYPGEOM.DIST($A1,$C$4,'Benchmarks by Card Role'!F$32,99,FALSE) -> 0.78911565 | AM34: =_xlfn.HYPGEOM.DIST($A1,$C$4,'Benchmarks by Card Role'!G$32,99,FALSE) -> 0.6996283 | AN34: =_xlfn.HYPGEOM.DIST($A1,$C$4,'Benchmarks by Card Role'!H$32,99,FALSE) -> 0.61946256 | AO34: =_xlfn.HYPGEOM.DIST($A1,$C$4,'Benchmarks by Card Role'!I$32,99,FALSE) -> 0.54773532 | AP34: =_xlfn.HYPGEOM.DIST($A1,$C$4,'Benchmarks by Card Role'!J$32,99,FALSE) -> 0.48363863 | AQ34: =_xlfn.HYPGEOM.DIST($A1,$C$4,'Benchmarks by Card Role'!K$32,99,FALSE) -> 0.42643406 | AR34: =_xlfn.HYPGEOM.DIST($A1,$C$4,'Benchmarks by Card Role'!L$32,99,FALSE) -> 0.37544738 | AT34: =_xlfn.HYPGEOM.DIST($A1,$C$4,'Benchmarks by Card Role'!D$42,99,FALSE) -> 0.33006363 | AU34: =_xlfn.HYPGEOM.DIST($A1,$C$4,'Benchmarks by Card Role'!E$42,99,FALSE) -> 0.28972252 | AV34: =_xlfn.HYPGEOM.DIST($A1,$C$4,'Benchmarks by Card Role'!F$42,99,FALSE) -> 0.25391412 | AW34: =_xlfn.HYPGEOM.DIST($A1,$C$4,'Benchmarks by Card Role'!G$42,99,FALSE) -> 0.22217485 | AX34: =_xlfn.HYPGEOM.DIST($A1,$C$4,'Benchmarks by Card Role'!H$42,99,FALSE) -> 0.19408378 | AY34: =_xlfn.HYPGEOM.DIST($A1,$C$4,'Benchmarks by Card Role'!I$42,99,FALSE) -> 0.16925911 | AZ34: =_xlfn.HYPGEOM.DIST($A1,$C$4,'Benchmarks by Card Role'!J$42,99,FALSE) -> 0.14735499 | BA34: =_xlfn.HYPGEOM.DIST($A1,$C$4,'Benchmarks by Card Role'!K$42,99,FALSE) -> 0.1280585 | BB34: =_xlfn.HYPGEOM.DIST($A1,$C$4,'Benchmarks by Card Role'!L$42,99,FALSE) -> 0.1110869
F35: =_xlfn.HYPGEOM.DIST($A2,$C$4,'Benchmarks by Card Role'!D$2,99,FALSE) -> 0.091268411 | G35: =_xlfn.HYPGEOM.DIST($A2,$C$4,'Benchmarks by Card Role'!E$2,99,FALSE) -> 0.080927655 | H35: =_xlfn.HYPGEOM.DIST($A2,$C$4,'Benchmarks by Card Role'!F$2,99,FALSE) -> 0.071505643 | I35: =_xlfn.HYPGEOM.DIST($A2,$C$4,'Benchmarks by Card Role'!G$2,99,FALSE) -> 0.06295753 | J35: =_xlfn.HYPGEOM.DIST($A2,$C$4,'Benchmarks by Card Role'!H$2,99,FALSE) -> 0.055234661 | K35: =_xlfn.HYPGEOM.DIST($A2,$C$4,'Benchmarks by Card Role'!I$2,99,FALSE) -> 0.048285948 | L35: =_xlfn.HYPGEOM.DIST($A2,$C$4,'Benchmarks by Card Role'!J$2,99,FALSE) -> 0.042059027 | M35: =_xlfn.HYPGEOM.DIST($A2,$C$4,'Benchmarks by Card Role'!K$2,99,FALSE) -> 0.036501227 | N35: =_xlfn.HYPGEOM.DIST($A2,$C$4,'Benchmarks by Card Role'!L$2,99,FALSE) -> 0.031560364 | P35: =_xlfn.HYPGEOM.DIST($A2,$C$4,'Benchmarks by Card Role'!D$12,99,FALSE) -> 0.40043199 | Q35: =_xlfn.HYPGEOM.DIST($A2,$C$4,'Benchmarks by Card Role'!E$12,99,FALSE) -> 0.40789345 | R35: =_xlfn.HYPGEOM.DIST($A2,$C$4,'Benchmarks by Card Role'!F$12,99,FALSE) -> 0.40845374 | S35: =_xlfn.HYPGEOM.DIST($A2,$C$4,'Benchmarks by Card Role'!G$12,99,FALSE) -> 0.40341111 | T35: =_xlfn.HYPGEOM.DIST($A2,$C$4,'Benchmarks by Card Role'!H$12,99,FALSE) -> 0.39389242 | U35: =_xlfn.HYPGEOM.DIST($A2,$C$4,'Benchmarks by Card Role'!I$12,99,FALSE) -> 0.38087118 | V35: =_xlfn.HYPGEOM.DIST($A2,$C$4,'Benchmarks by Card Role'!J$12,99,FALSE) -> 0.36518396 | W35: =_xlfn.HYPGEOM.DIST($A2,$C$4,'Benchmarks by Card Role'!K$12,99,FALSE) -> 0.34754538 | X35: =_xlfn.HYPGEOM.DIST($A2,$C$4,'Benchmarks by Card Role'!L$12,99,FALSE) -> 0.3285618 | Z35: =_xlfn.HYPGEOM.DIST($A2,$C$4,'Benchmarks by Card Role'!D$22,99,FALSE) -> 0.40043199 | AA35: =_xlfn.HYPGEOM.DIST($A2,$C$4,'Benchmarks by Card Role'!E$22,99,FALSE) -> 0.40789345 | AB35: =_xlfn.HYPGEOM.DIST($A2,$C$4,'Benchmarks by Card Role'!F$22,99,FALSE) -> 0.40845374 | AC35: =_xlfn.HYPGEOM.DIST($A2,$C$4,'Benchmarks by Card Role'!G$22,99,FALSE) -> 0.40341111 | AD35: =_xlfn.HYPGEOM.DIST($A2,$C$4,'Benchmarks by Card Role'!H$22,99,FALSE) -> 0.39389242 | AE35: =_xlfn.HYPGEOM.DIST($A2,$C$4,'Benchmarks by Card Role'!I$22,99,FALSE) -> 0.38087118 | AF35: =_xlfn.HYPGEOM.DIST($A2,$C$4,'Benchmarks by Card Role'!J$22,99,FALSE) -> 0.36518396 | AG35: =_xlfn.HYPGEOM.DIST($A2,$C$4,'Benchmarks by Card Role'!K$22,99,FALSE) -> 0.34754538 | AH35: =_xlfn.HYPGEOM.DIST($A2,$C$4,'Benchmarks by Card Role'!L$22,99,FALSE) -> 0.3285618 | AJ35: =_xlfn.HYPGEOM.DIST($A2,$C$4,'Benchmarks by Card Role'!D$32,99,FALSE) -> 0 | AK35: =_xlfn.HYPGEOM.DIST($A2,$C$4,'Benchmarks by Card Role'!E$32,99,FALSE) -> 0.11111111 | AL35: =_xlfn.HYPGEOM.DIST($A2,$C$4,'Benchmarks by Card Role'!F$32,99,FALSE) -> 0.19954649 | AM35: =_xlfn.HYPGEOM.DIST($A2,$C$4,'Benchmarks by Card Role'!G$32,99,FALSE) -> 0.26846202 | AN35: =_xlfn.HYPGEOM.DIST($A2,$C$4,'Benchmarks by Card Role'!H$32,99,FALSE) -> 0.32066297 | AO35: =_xlfn.HYPGEOM.DIST($A2,$C$4,'Benchmarks by Card Role'!I$32,99,FALSE) -> 0.35863622 | AP35: =_xlfn.HYPGEOM.DIST($A2,$C$4,'Benchmarks by Card Role'!J$32,99,FALSE) -> 0.38458012 | AQ35: =_xlfn.HYPGEOM.DIST($A2,$C$4,'Benchmarks by Card Role'!K$32,99,FALSE) -> 0.40043199 | AR35: =_xlfn.HYPGEOM.DIST($A2,$C$4,'Benchmarks by Card Role'!L$32,99,FALSE) -> 0.40789345 | AT35: =_xlfn.HYPGEOM.DIST($A2,$C$4,'Benchmarks by Card Role'!D$42,99,FALSE) -> 0.40845374 | AU35: =_xlfn.HYPGEOM.DIST($A2,$C$4,'Benchmarks by Card Role'!E$42,99,FALSE) -> 0.40341111 | AV35: =_xlfn.HYPGEOM.DIST($A2,$C$4,'Benchmarks by Card Role'!F$42,99,FALSE) -> 0.39389242 | AW35: =_xlfn.HYPGEOM.DIST($A2,$C$4,'Benchmarks by Card Role'!G$42,99,FALSE) -> 0.38087118 | AX35: =_xlfn.HYPGEOM.DIST($A2,$C$4,'Benchmarks by Card Role'!H$42,99,FALSE) -> 0.36518396 | AY35: =_xlfn.HYPGEOM.DIST($A2,$C$4,'Benchmarks by Card Role'!I$42,99,FALSE) -> 0.34754538 | AZ35: =_xlfn.HYPGEOM.DIST($A2,$C$4,'Benchmarks by Card Role'!J$42,99,FALSE) -> 0.3285618 | BA35: =_xlfn.HYPGEOM.DIST($A2,$C$4,'Benchmarks by Card Role'!K$42,99,FALSE) -> 0.30874379 | BB35: =_xlfn.HYPGEOM.DIST($A2,$C$4,'Benchmarks by Card Role'!L$42,99,FALSE) -> 0.28851735
F36: =_xlfn.HYPGEOM.DIST($A3,$C$4,'Benchmarks by Card Role'!D$2,99,FALSE) -> 0.20946848 | G36: =_xlfn.HYPGEOM.DIST($A3,$C$4,'Benchmarks by Card Role'!E$2,99,FALSE) -> 0.19557517 | H36: =_xlfn.HYPGEOM.DIST($A3,$C$4,'Benchmarks by Card Role'!F$2,99,FALSE) -> 0.18179401 | I36: =_xlfn.HYPGEOM.DIST($A3,$C$4,'Benchmarks by Card Role'!G$2,99,FALSE) -> 0.16824857 | J36: =_xlfn.HYPGEOM.DIST($A3,$C$4,'Benchmarks by Card Role'!H$2,99,FALSE) -> 0.15504466 | K36: =_xlfn.HYPGEOM.DIST($A3,$C$4,'Benchmarks by Card Role'!I$2,99,FALSE) -> 0.1422711 | L36: =_xlfn.HYPGEOM.DIST($A3,$C$4,'Benchmarks by Card Role'!J$2,99,FALSE) -> 0.13000063 | M36: =_xlfn.HYPGEOM.DIST($A3,$C$4,'Benchmarks by Card Role'!K$2,99,FALSE) -> 0.11829101 | N36: =_xlfn.HYPGEOM.DIST($A3,$C$4,'Benchmarks by Card Role'!L$2,99,FALSE) -> 0.10718614 | P36: =_xlfn.HYPGEOM.DIST($A3,$C$4,'Benchmarks by Card Role'!D$12,99,FALSE) -> 0.14473445 | Q36: =_xlfn.HYPGEOM.DIST($A3,$C$4,'Benchmarks by Card Role'!E$12,99,FALSE) -> 0.17410086 | R36: =_xlfn.HYPGEOM.DIST($A3,$C$4,'Benchmarks by Card Role'!F$12,99,FALSE) -> 0.20170555 | S36: =_xlfn.HYPGEOM.DIST($A3,$C$4,'Benchmarks by Card Role'!G$12,99,FALSE) -> 0.22691875 | T36: =_xlfn.HYPGEOM.DIST($A3,$C$4,'Benchmarks by Card Role'!H$12,99,FALSE) -> 0.249299 | U36: =_xlfn.HYPGEOM.DIST($A3,$C$4,'Benchmarks by Card Role'!I$12,99,FALSE) -> 0.26856301 | V36: =_xlfn.HYPGEOM.DIST($A3,$C$4,'Benchmarks by Card Role'!J$12,99,FALSE) -> 0.28455893 | W36: =_xlfn.HYPGEOM.DIST($A3,$C$4,'Benchmarks by Card Role'!K$12,99,FALSE) -> 0.29724276 | X36: =_xlfn.HYPGEOM.DIST($A3,$C$4,'Benchmarks by Card Role'!L$12,99,FALSE) -> 0.30665768 | Z36: =_xlfn.HYPGEOM.DIST($A3,$C$4,'Benchmarks by Card Role'!D$22,99,FALSE) -> 0.14473445 | AA36: =_xlfn.HYPGEOM.DIST($A3,$C$4,'Benchmarks by Card Role'!E$22,99,FALSE) -> 0.17410086 | AB36: =_xlfn.HYPGEOM.DIST($A3,$C$4,'Benchmarks by Card Role'!F$22,99,FALSE) -> 0.20170555 | AC36: =_xlfn.HYPGEOM.DIST($A3,$C$4,'Benchmarks by Card Role'!G$22,99,FALSE) -> 0.22691875 | AD36: =_xlfn.HYPGEOM.DIST($A3,$C$4,'Benchmarks by Card Role'!H$22,99,FALSE) -> 0.249299 | AE36: =_xlfn.HYPGEOM.DIST($A3,$C$4,'Benchmarks by Card Role'!I$22,99,FALSE) -> 0.26856301 | AF36: =_xlfn.HYPGEOM.DIST($A3,$C$4,'Benchmarks by Card Role'!J$22,99,FALSE) -> 0.28455893 | AG36: =_xlfn.HYPGEOM.DIST($A3,$C$4,'Benchmarks by Card Role'!K$22,99,FALSE) -> 0.29724276 | AH36: =_xlfn.HYPGEOM.DIST($A3,$C$4,'Benchmarks by Card Role'!L$22,99,FALSE) -> 0.30665768 | AJ36: =_xlfn.HYPGEOM.DIST($A3,$C$4,'Benchmarks by Card Role'!D$32,99,FALSE) -> 0 | AK36: =_xlfn.HYPGEOM.DIST($A3,$C$4,'Benchmarks by Card Role'!E$32,99,FALSE) -> 0 | AL36: =_xlfn.HYPGEOM.DIST($A3,$C$4,'Benchmarks by Card Role'!F$32,99,FALSE) -> 0.011337868 | AM36: =_xlfn.HYPGEOM.DIST($A3,$C$4,'Benchmarks by Card Role'!G$32,99,FALSE) -> 0.030857704 | AN36: =_xlfn.HYPGEOM.DIST($A3,$C$4,'Benchmarks by Card Role'!H$32,99,FALSE) -> 0.055929588 | AO36: =_xlfn.HYPGEOM.DIST($A3,$C$4,'Benchmarks by Card Role'!I$32,99,FALSE) -> 0.084384993 | AP36: =_xlfn.HYPGEOM.DIST($A3,$C$4,'Benchmarks by Card Role'!J$32,99,FALSE) -> 0.11445837 | AQ36: =_xlfn.HYPGEOM.DIST($A3,$C$4,'Benchmarks by Card Role'!K$32,99,FALSE) -> 0.14473445 | AR36: =_xlfn.HYPGEOM.DIST($A3,$C$4,'Benchmarks by Card Role'!L$32,99,FALSE) -> 0.17410086 | AT36: =_xlfn.HYPGEOM.DIST($A3,$C$4,'Benchmarks by Card Role'!D$42,99,FALSE) -> 0.20170555 | AU36: =_xlfn.HYPGEOM.DIST($A3,$C$4,'Benchmarks by Card Role'!E$42,99,FALSE) -> 0.22691875 | AV36: =_xlfn.HYPGEOM.DIST($A3,$C$4,'Benchmarks by Card Role'!F$42,99,FALSE) -> 0.249299 | AW36: =_xlfn.HYPGEOM.DIST($A3,$C$4,'Benchmarks by Card Role'!G$42,99,FALSE) -> 0.26856301 | AX36: =_xlfn.HYPGEOM.DIST($A3,$C$4,'Benchmarks by Card Role'!H$42,99,FALSE) -> 0.28455893 | AY36: =_xlfn.HYPGEOM.DIST($A3,$C$4,'Benchmarks by Card Role'!I$42,99,FALSE) -> 0.29724276 | AZ36: =_xlfn.HYPGEOM.DIST($A3,$C$4,'Benchmarks by Card Role'!J$42,99,FALSE) -> 0.30665768 | BA36: =_xlfn.HYPGEOM.DIST($A3,$C$4,'Benchmarks by Card Role'!K$42,99,FALSE) -> 0.312916 | BB36: =_xlfn.HYPGEOM.DIST($A3,$C$4,'Benchmarks by Card Role'!L$42,99,FALSE) -> 0.3161834
F37: =_xlfn.HYPGEOM.DIST($A4,$C$4,'Benchmarks by Card Role'!D$2,99,FALSE) -> 0.27366044 | G37: =_xlfn.HYPGEOM.DIST($A4,$C$4,'Benchmarks by Card Role'!E$2,99,FALSE) -> 0.26931662 | H37: =_xlfn.HYPGEOM.DIST($A4,$C$4,'Benchmarks by Card Role'!F$2,99,FALSE) -> 0.26360131 | I37: =_xlfn.HYPGEOM.DIST($A4,$C$4,'Benchmarks by Card Role'!G$2,99,FALSE) -> 0.25665036 | J37: =_xlfn.HYPGEOM.DIST($A4,$C$4,'Benchmarks by Card Role'!H$2,99,FALSE) -> 0.2486061 | K37: =_xlfn.HYPGEOM.DIST($A4,$C$4,'Benchmarks by Card Role'!I$2,99,FALSE) -> 0.23961448 | L37: =_xlfn.HYPGEOM.DIST($A4,$C$4,'Benchmarks by Card Role'!J$2,99,FALSE) -> 0.22982254 | M37: =_xlfn.HYPGEOM.DIST($A4,$C$4,'Benchmarks by Card Role'!K$2,99,FALSE) -> 0.21937606 | N37: =_xlfn.HYPGEOM.DIST($A4,$C$4,'Benchmarks by Card Role'!L$2,99,FALSE) -> 0.2084175 | P37: =_xlfn.HYPGEOM.DIST($A4,$C$4,'Benchmarks by Card Role'!D$12,99,FALSE) -> 0.025845438 | Q37: =_xlfn.HYPGEOM.DIST($A4,$C$4,'Benchmarks by Card Role'!E$12,99,FALSE) -> 0.037756814 | R37: =_xlfn.HYPGEOM.DIST($A4,$C$4,'Benchmarks by Card Role'!F$12,99,FALSE) -> 0.0516563 | S37: =_xlfn.HYPGEOM.DIST($A4,$C$4,'Benchmarks by Card Role'!G$12,99,FALSE) -> 0.067235184 | T37: =_xlfn.HYPGEOM.DIST($A4,$C$4,'Benchmarks by Card Role'!H$12,99,FALSE) -> 0.084138412 | U37: =_xlfn.HYPGEOM.DIST($A4,$C$4,'Benchmarks by Card Role'!I$12,99,FALSE) -> 0.10198595 | V37: =_xlfn.HYPGEOM.DIST($A4,$C$4,'Benchmarks by Card Role'!J$12,99,FALSE) -> 0.12039032 | W37: =_xlfn.HYPGEOM.DIST($A4,$C$4,'Benchmarks by Card Role'!K$12,99,FALSE) -> 0.13897064 | X37: =_xlfn.HYPGEOM.DIST($A4,$C$4,'Benchmarks by Card Role'!L$12,99,FALSE) -> 0.15736381 | Z37: =_xlfn.HYPGEOM.DIST($A4,$C$4,'Benchmarks by Card Role'!D$22,99,FALSE) -> 0.025845438 | AA37: =_xlfn.HYPGEOM.DIST($A4,$C$4,'Benchmarks by Card Role'!E$22,99,FALSE) -> 0.037756814 | AB37: =_xlfn.HYPGEOM.DIST($A4,$C$4,'Benchmarks by Card Role'!F$22,99,FALSE) -> 0.0516563 | AC37: =_xlfn.HYPGEOM.DIST($A4,$C$4,'Benchmarks by Card Role'!G$22,99,FALSE) -> 0.067235184 | AD37: =_xlfn.HYPGEOM.DIST($A4,$C$4,'Benchmarks by Card Role'!H$22,99,FALSE) -> 0.084138412 | AE37: =_xlfn.HYPGEOM.DIST($A4,$C$4,'Benchmarks by Card Role'!I$22,99,FALSE) -> 0.10198595 | AF37: =_xlfn.HYPGEOM.DIST($A4,$C$4,'Benchmarks by Card Role'!J$22,99,FALSE) -> 0.12039032 | AG37: =_xlfn.HYPGEOM.DIST($A4,$C$4,'Benchmarks by Card Role'!K$22,99,FALSE) -> 0.13897064 | AH37: =_xlfn.HYPGEOM.DIST($A4,$C$4,'Benchmarks by Card Role'!L$22,99,FALSE) -> 0.15736381 | AJ37: =_xlfn.HYPGEOM.DIST($A4,$C$4,'Benchmarks by Card Role'!D$32,99,FALSE) -> 0 | AK37: =_xlfn.HYPGEOM.DIST($A4,$C$4,'Benchmarks by Card Role'!E$32,99,FALSE) -> 0 | AL37: =_xlfn.HYPGEOM.DIST($A4,$C$4,'Benchmarks by Card Role'!F$32,99,FALSE) -> 0 | AM37: =_xlfn.HYPGEOM.DIST($A4,$C$4,'Benchmarks by Card Role'!G$32,99,FALSE) -> 0.0010519672 | AN37: =_xlfn.HYPGEOM.DIST($A4,$C$4,'Benchmarks by Card Role'!H$32,99,FALSE) -> 0.003857213 | AO37: =_xlfn.HYPGEOM.DIST($A4,$C$4,'Benchmarks by Card Role'!I$32,99,FALSE) -> 0.0088309876 | AP37: =_xlfn.HYPGEOM.DIST($A4,$C$4,'Benchmarks by Card Role'!J$32,99,FALSE) -> 0.016158828 | AQ37: =_xlfn.HYPGEOM.DIST($A4,$C$4,'Benchmarks by Card Role'!K$32,99,FALSE) -> 0.025845438 | AR37: =_xlfn.HYPGEOM.DIST($A4,$C$4,'Benchmarks by Card Role'!L$32,99,FALSE) -> 0.037756814 | AT37: =_xlfn.HYPGEOM.DIST($A4,$C$4,'Benchmarks by Card Role'!D$42,99,FALSE) -> 0.0516563 | AU37: =_xlfn.HYPGEOM.DIST($A4,$C$4,'Benchmarks by Card Role'!E$42,99,FALSE) -> 0.067235184 | AV37: =_xlfn.HYPGEOM.DIST($A4,$C$4,'Benchmarks by Card Role'!F$42,99,FALSE) -> 0.084138412 | AW37: =_xlfn.HYPGEOM.DIST($A4,$C$4,'Benchmarks by Card Role'!G$42,99,FALSE) -> 0.10198595 | AX37: =_xlfn.HYPGEOM.DIST($A4,$C$4,'Benchmarks by Card Role'!H$42,99,FALSE) -> 0.12039032 | AY37: =_xlfn.HYPGEOM.DIST($A4,$C$4,'Benchmarks by Card Role'!I$42,99,FALSE) -> 0.13897064 | AZ37: =_xlfn.HYPGEOM.DIST($A4,$C$4,'Benchmarks by Card Role'!J$42,99,FALSE) -> 0.15736381 | BA37: =_xlfn.HYPGEOM.DIST($A4,$C$4,'Benchmarks by Card Role'!K$42,99,FALSE) -> 0.17523296 | BB37: =_xlfn.HYPGEOM.DIST($A4,$C$4,'Benchmarks by Card Role'!L$42,99,FALSE) -> 0.19227369
F38: =_xlfn.HYPGEOM.DIST($A5,$C$4,'Benchmarks by Card Role'!D$2,99,FALSE) -> 0.22587846 | G38: =_xlfn.HYPGEOM.DIST($A5,$C$4,'Benchmarks by Card Role'!E$2,99,FALSE) -> 0.23456609 | H38: =_xlfn.HYPGEOM.DIST($A5,$C$4,'Benchmarks by Card Role'!F$2,99,FALSE) -> 0.24199465 | I38: =_xlfn.HYPGEOM.DIST($A5,$C$4,'Benchmarks by Card Role'!G$2,99,FALSE) -> 0.24809535 | J38: =_xlfn.HYPGEOM.DIST($A5,$C$4,'Benchmarks by Card Role'!H$2,99,FALSE) -> 0.25281976 | K38: =_xlfn.HYPGEOM.DIST($A5,$C$4,'Benchmarks by Card Role'!I$2,99,FALSE) -> 0.25613962 | L38: =_xlfn.HYPGEOM.DIST($A5,$C$4,'Benchmarks by Card Role'!J$2,99,FALSE) -> 0.25804636 | M38: =_xlfn.HYPGEOM.DIST($A5,$C$4,'Benchmarks by Card Role'!K$2,99,FALSE) -> 0.25855036 | N38: =_xlfn.HYPGEOM.DIST($A5,$C$4,'Benchmarks by Card Role'!L$2,99,FALSE) -> 0.25767982 | P38: =_xlfn.HYPGEOM.DIST($A5,$C$4,'Benchmarks by Card Role'!D$12,99,FALSE) -> 0.0024325118 | Q38: =_xlfn.HYPGEOM.DIST($A5,$C$4,'Benchmarks by Card Role'!E$12,99,FALSE) -> 0.0044948588 | R38: =_xlfn.HYPGEOM.DIST($A5,$C$4,'Benchmarks by Card Role'!F$12,99,FALSE) -> 0.0074683807 | S38: =_xlfn.HYPGEOM.DIST($A5,$C$4,'Benchmarks by Card Role'!G$12,99,FALSE) -> 0.011479178 | T38: =_xlfn.HYPGEOM.DIST($A5,$C$4,'Benchmarks by Card Role'!H$12,99,FALSE) -> 0.016619933 | U38: =_xlfn.HYPGEOM.DIST($A5,$C$4,'Benchmarks by Card Role'!I$12,99,FALSE) -> 0.02294684 | V38: =_xlfn.HYPGEOM.DIST($A5,$C$4,'Benchmarks by Card Role'!J$12,99,FALSE) -> 0.030478561 | W38: =_xlfn.HYPGEOM.DIST($A5,$C$4,'Benchmarks by Card Role'!K$12,99,FALSE) -> 0.039196847 | X38: =_xlfn.HYPGEOM.DIST($A5,$C$4,'Benchmarks by Card Role'!L$12,99,FALSE) -> 0.049048461 | Z38: =_xlfn.HYPGEOM.DIST($A5,$C$4,'Benchmarks by Card Role'!D$22,99,FALSE) -> 0.0024325118 | AA38: =_xlfn.HYPGEOM.DIST($A5,$C$4,'Benchmarks by Card Role'!E$22,99,FALSE) -> 0.0044948588 | AB38: =_xlfn.HYPGEOM.DIST($A5,$C$4,'Benchmarks by Card Role'!F$22,99,FALSE) -> 0.0074683807 | AC38: =_xlfn.HYPGEOM.DIST($A5,$C$4,'Benchmarks by Card Role'!G$22,99,FALSE) -> 0.011479178 | AD38: =_xlfn.HYPGEOM.DIST($A5,$C$4,'Benchmarks by Card Role'!H$22,99,FALSE) -> 0.016619933 | AE38: =_xlfn.HYPGEOM.DIST($A5,$C$4,'Benchmarks by Card Role'!I$22,99,FALSE) -> 0.02294684 | AF38: =_xlfn.HYPGEOM.DIST($A5,$C$4,'Benchmarks by Card Role'!J$22,99,FALSE) -> 0.030478561 | AG38: =_xlfn.HYPGEOM.DIST($A5,$C$4,'Benchmarks by Card Role'!K$22,99,FALSE) -> 0.039196847 | AH38: =_xlfn.HYPGEOM.DIST($A5,$C$4,'Benchmarks by Card Role'!L$22,99,FALSE) -> 0.049048461 | AJ38: =_xlfn.HYPGEOM.DIST($A5,$C$4,'Benchmarks by Card Role'!D$32,99,FALSE) -> 0 | AK38: =_xlfn.HYPGEOM.DIST($A5,$C$4,'Benchmarks by Card Role'!E$32,99,FALSE) -> 0 | AL38: =_xlfn.HYPGEOM.DIST($A5,$C$4,'Benchmarks by Card Role'!F$32,99,FALSE) -> 0 | AM38: =_xlfn.HYPGEOM.DIST($A5,$C$4,'Benchmarks by Card Role'!G$32,99,FALSE) -> 0 | AN38: =_xlfn.HYPGEOM.DIST($A5,$C$4,'Benchmarks by Card Role'!H$32,99,FALSE) -> 8.7663932e-05 | AO38: =_xlfn.HYPGEOM.DIST($A5,$C$4,'Benchmarks by Card Role'!I$32,99,FALSE) -> 0.00040602242 | AP38: =_xlfn.HYPGEOM.DIST($A5,$C$4,'Benchmarks by Card Role'!J$32,99,FALSE) -> 0.0011273601 | AQ38: =_xlfn.HYPGEOM.DIST($A5,$C$4,'Benchmarks by Card Role'!K$32,99,FALSE) -> 0.0024325118 | AR38: =_xlfn.HYPGEOM.DIST($A5,$C$4,'Benchmarks by Card Role'!L$32,99,FALSE) -> 0.0044948588 | AT38: =_xlfn.HYPGEOM.DIST($A5,$C$4,'Benchmarks by Card Role'!D$42,99,FALSE) -> 0.0074683807 | AU38: =_xlfn.HYPGEOM.DIST($A5,$C$4,'Benchmarks by Card Role'!E$42,99,FALSE) -> 0.011479178 | AV38: =_xlfn.HYPGEOM.DIST($A5,$C$4,'Benchmarks by Card Role'!F$42,99,FALSE) -> 0.016619933 | AW38: =_xlfn.HYPGEOM.DIST($A5,$C$4,'Benchmarks by Card Role'!G$42,99,FALSE) -> 0.02294684 | AX38: =_xlfn.HYPGEOM.DIST($A5,$C$4,'Benchmarks by Card Role'!H$42,99,FALSE) -> 0.030478561 | AY38: =_xlfn.HYPGEOM.DIST($A5,$C$4,'Benchmarks by Card Role'!I$42,99,FALSE) -> 0.039196847 | AZ38: =_xlfn.HYPGEOM.DIST($A5,$C$4,'Benchmarks by Card Role'!J$42,99,FALSE) -> 0.049048461 | BA38: =_xlfn.HYPGEOM.DIST($A5,$C$4,'Benchmarks by Card Role'!K$42,99,FALSE) -> 0.059948119 | BB38: =_xlfn.HYPGEOM.DIST($A5,$C$4,'Benchmarks by Card Role'!L$42,99,FALSE) -> 0.071782177
F39: =_xlfn.HYPGEOM.DIST($A6,$C$4,'Benchmarks by Card Role'!D$2,99,FALSE) -> 0.12352728 | G39: =_xlfn.HYPGEOM.DIST($A6,$C$4,'Benchmarks by Card Role'!E$2,99,FALSE) -> 0.13552707 | H39: =_xlfn.HYPGEOM.DIST($A6,$C$4,'Benchmarks by Card Role'!F$2,99,FALSE) -> 0.14753867 | I39: =_xlfn.HYPGEOM.DIST($A6,$C$4,'Benchmarks by Card Role'!G$2,99,FALSE) -> 0.15943177 | J39: =_xlfn.HYPGEOM.DIST($A6,$C$4,'Benchmarks by Card Role'!H$2,99,FALSE) -> 0.1710747 | K39: =_xlfn.HYPGEOM.DIST($A6,$C$4,'Benchmarks by Card Role'!I$2,99,FALSE) -> 0.18233668 | L39: =_xlfn.HYPGEOM.DIST($A6,$C$4,'Benchmarks by Card Role'!J$2,99,FALSE) -> 0.19308986 | M39: =_xlfn.HYPGEOM.DIST($A6,$C$4,'Benchmarks by Card Role'!K$2,99,FALSE) -> 0.20321151 | N39: =_xlfn.HYPGEOM.DIST($A6,$C$4,'Benchmarks by Card Role'!L$2,99,FALSE) -> 0.21258585 | P39: =_xlfn.HYPGEOM.DIST($A6,$C$4,'Benchmarks by Card Role'!D$12,99,FALSE) -> 0.00011879709 | Q39: =_xlfn.HYPGEOM.DIST($A6,$C$4,'Benchmarks by Card Role'!E$12,99,FALSE) -> 0.00029613187 | R39: =_xlfn.HYPGEOM.DIST($A6,$C$4,'Benchmarks by Card Role'!F$12,99,FALSE) -> 0.00062236506 | S39: =_xlfn.HYPGEOM.DIST($A6,$C$4,'Benchmarks by Card Role'!G$12,99,FALSE) -> 0.0011617481 | T39: =_xlfn.HYPGEOM.DIST($A6,$C$4,'Benchmarks by Card Role'!H$12,99,FALSE) -> 0.0019862847 | U39: =_xlfn.HYPGEOM.DIST($A6,$C$4,'Benchmarks by Card Role'!I$12,99,FALSE) -> 0.0031728963 | V39: =_xlfn.HYPGEOM.DIST($A6,$C$4,'Benchmarks by Card Role'!J$12,99,FALSE) -> 0.0048003733 | W39: =_xlfn.HYPGEOM.DIST($A6,$C$4,'Benchmarks by Card Role'!K$12,99,FALSE) -> 0.0069462767 | X39: =_xlfn.HYPGEOM.DIST($A6,$C$4,'Benchmarks by Card Role'!L$12,99,FALSE) -> 0.0096839269 | Z39: =_xlfn.HYPGEOM.DIST($A6,$C$4,'Benchmarks by Card Role'!D$22,99,FALSE) -> 0.00011879709 | AA39: =_xlfn.HYPGEOM.DIST($A6,$C$4,'Benchmarks by Card Role'!E$22,99,FALSE) -> 0.00029613187 | AB39: =_xlfn.HYPGEOM.DIST($A6,$C$4,'Benchmarks by Card Role'!F$22,99,FALSE) -> 0.00062236506 | AC39: =_xlfn.HYPGEOM.DIST($A6,$C$4,'Benchmarks by Card Role'!G$22,99,FALSE) -> 0.0011617481 | AD39: =_xlfn.HYPGEOM.DIST($A6,$C$4,'Benchmarks by Card Role'!H$22,99,FALSE) -> 0.0019862847 | AE39: =_xlfn.HYPGEOM.DIST($A6,$C$4,'Benchmarks by Card Role'!I$22,99,FALSE) -> 0.0031728963 | AF39: =_xlfn.HYPGEOM.DIST($A6,$C$4,'Benchmarks by Card Role'!J$22,99,FALSE) -> 0.0048003733 | AG39: =_xlfn.HYPGEOM.DIST($A6,$C$4,'Benchmarks by Card Role'!K$22,99,FALSE) -> 0.0069462767 | AH39: =_xlfn.HYPGEOM.DIST($A6,$C$4,'Benchmarks by Card Role'!L$22,99,FALSE) -> 0.0096839269 | AJ39: =_xlfn.HYPGEOM.DIST($A6,$C$4,'Benchmarks by Card Role'!D$32,99,FALSE) -> 0 | AK39: =_xlfn.HYPGEOM.DIST($A6,$C$4,'Benchmarks by Card Role'!E$32,99,FALSE) -> 0 | AL39: =_xlfn.HYPGEOM.DIST($A6,$C$4,'Benchmarks by Card Role'!F$32,99,FALSE) -> 0 | AM39: =_xlfn.HYPGEOM.DIST($A6,$C$4,'Benchmarks by Card Role'!G$32,99,FALSE) -> 0 | AN39: =_xlfn.HYPGEOM.DIST($A6,$C$4,'Benchmarks by Card Role'!H$32,99,FALSE) -> 0 | AO39: =_xlfn.HYPGEOM.DIST($A6,$C$4,'Benchmarks by Card Role'!I$32,99,FALSE) -> 6.4594476e-06 | AP39: =_xlfn.HYPGEOM.DIST($A6,$C$4,'Benchmarks by Card Role'!J$32,99,FALSE) -> 3.6282855e-05 | AQ39: =_xlfn.HYPGEOM.DIST($A6,$C$4,'Benchmarks by Card Role'!K$32,99,FALSE) -> 0.00011879709 | AR39: =_xlfn.HYPGEOM.DIST($A6,$C$4,'Benchmarks by Card Role'!L$32,99,FALSE) -> 0.00029613187 | AT39: =_xlfn.HYPGEOM.DIST($A6,$C$4,'Benchmarks by Card Role'!D$42,99,FALSE) -> 0.00062236506 | AU39: =_xlfn.HYPGEOM.DIST($A6,$C$4,'Benchmarks by Card Role'!E$42,99,FALSE) -> 0.0011617481 | AV39: =_xlfn.HYPGEOM.DIST($A6,$C$4,'Benchmarks by Card Role'!F$42,99,FALSE) -> 0.0019862847 | AW39: =_xlfn.HYPGEOM.DIST($A6,$C$4,'Benchmarks by Card Role'!G$42,99,FALSE) -> 0.0031728963 | AX39: =_xlfn.HYPGEOM.DIST($A6,$C$4,'Benchmarks by Card Role'!H$42,99,FALSE) -> 0.0048003733 | AY39: =_xlfn.HYPGEOM.DIST($A6,$C$4,'Benchmarks by Card Role'!I$42,99,FALSE) -> 0.0069462767 | AZ39: =_xlfn.HYPGEOM.DIST($A6,$C$4,'Benchmarks by Card Role'!J$42,99,FALSE) -> 0.0096839269 | BA39: =_xlfn.HYPGEOM.DIST($A6,$C$4,'Benchmarks by Card Role'!K$42,99,FALSE) -> 0.01307959 | BB39: =_xlfn.HYPGEOM.DIST($A6,$C$4,'Benchmarks by Card Role'!L$42,99,FALSE) -> 0.017189942
F40: =_xlfn.HYPGEOM.DIST($A7,$C$4,'Benchmarks by Card Role'!D$2,99,FALSE) -> 0.045610073 | G40: =_xlfn.HYPGEOM.DIST($A7,$C$4,'Benchmarks by Card Role'!E$2,99,FALSE) -> 0.052940263 | H40: =_xlfn.HYPGEOM.DIST($A7,$C$4,'Benchmarks by Card Role'!F$2,99,FALSE) -> 0.060888975 | I40: =_xlfn.HYPGEOM.DIST($A7,$C$4,'Benchmarks by Card Role'!G$2,99,FALSE) -> 0.069429963 | J40: =_xlfn.HYPGEOM.DIST($A7,$C$4,'Benchmarks by Card Role'!H$2,99,FALSE) -> 0.078526094 | K40: =_xlfn.HYPGEOM.DIST($A7,$C$4,'Benchmarks by Card Role'!I$2,99,FALSE) -> 0.088129393 | L40: =_xlfn.HYPGEOM.DIST($A7,$C$4,'Benchmarks by Card Role'!J$2,99,FALSE) -> 0.098181287 | M40: =_xlfn.HYPGEOM.DIST($A7,$C$4,'Benchmarks by Card Role'!K$2,99,FALSE) -> 0.10861305 | N40: =_xlfn.HYPGEOM.DIST($A7,$C$4,'Benchmarks by Card Role'!L$2,99,FALSE) -> 0.11934644 | P40: =_xlfn.HYPGEOM.DIST($A7,$C$4,'Benchmarks by Card Role'!D$12,99,FALSE) -> 2.7309675e-06 | Q40: =_xlfn.HYPGEOM.DIST($A7,$C$4,'Benchmarks by Card Role'!E$12,99,FALSE) -> 1.0330182e-05 | R40: =_xlfn.HYPGEOM.DIST($A7,$C$4,'Benchmarks by Card Role'!F$12,99,FALSE) -> 2.9287768e-05 | S40: =_xlfn.HYPGEOM.DIST($A7,$C$4,'Benchmarks by Card Role'!G$12,99,FALSE) -> 6.9151673e-05 | T40: =_xlfn.HYPGEOM.DIST($A7,$C$4,'Benchmarks by Card Role'!H$12,99,FALSE) -> 0.00014358685 | U40: =_xlfn.HYPGEOM.DIST($A7,$C$4,'Benchmarks by Card Role'!I$12,99,FALSE) -> 0.000270857 | V40: =_xlfn.HYPGEOM.DIST($A7,$C$4,'Benchmarks by Card Role'!J$12,99,FALSE) -> 0.00047411095 | W40: =_xlfn.HYPGEOM.DIST($A7,$C$4,'Benchmarks by Card Role'!K$12,99,FALSE) -> 0.00078145612 | X40: =_xlfn.HYPGEOM.DIST($A7,$C$4,'Benchmarks by Card Role'!L$12,99,FALSE) -> 0.0012258135 | Z40: =_xlfn.HYPGEOM.DIST($A7,$C$4,'Benchmarks by Card Role'!D$22,99,FALSE) -> 2.7309675e-06 | AA40: =_xlfn.HYPGEOM.DIST($A7,$C$4,'Benchmarks by Card Role'!E$22,99,FALSE) -> 1.0330182e-05 | AB40: =_xlfn.HYPGEOM.DIST($A7,$C$4,'Benchmarks by Card Role'!F$22,99,FALSE) -> 2.9287768e-05 | AC40: =_xlfn.HYPGEOM.DIST($A7,$C$4,'Benchmarks by Card Role'!G$22,99,FALSE) -> 6.9151673e-05 | AD40: =_xlfn.HYPGEOM.DIST($A7,$C$4,'Benchmarks by Card Role'!H$22,99,FALSE) -> 0.00014358685 | AE40: =_xlfn.HYPGEOM.DIST($A7,$C$4,'Benchmarks by Card Role'!I$22,99,FALSE) -> 0.000270857 | AF40: =_xlfn.HYPGEOM.DIST($A7,$C$4,'Benchmarks by Card Role'!J$22,99,FALSE) -> 0.00047411095 | AG40: =_xlfn.HYPGEOM.DIST($A7,$C$4,'Benchmarks by Card Role'!K$22,99,FALSE) -> 0.00078145612 | AH40: =_xlfn.HYPGEOM.DIST($A7,$C$4,'Benchmarks by Card Role'!L$22,99,FALSE) -> 0.0012258135 | AJ40: =_xlfn.HYPGEOM.DIST($A7,$C$4,'Benchmarks by Card Role'!D$32,99,FALSE) -> 0 | AK40: =_xlfn.HYPGEOM.DIST($A7,$C$4,'Benchmarks by Card Role'!E$32,99,FALSE) -> 0 | AL40: =_xlfn.HYPGEOM.DIST($A7,$C$4,'Benchmarks by Card Role'!F$32,99,FALSE) -> 0 | AM40: =_xlfn.HYPGEOM.DIST($A7,$C$4,'Benchmarks by Card Role'!G$32,99,FALSE) -> 0 | AN40: =_xlfn.HYPGEOM.DIST($A7,$C$4,'Benchmarks by Card Role'!H$32,99,FALSE) -> 0 | AO40: =_xlfn.HYPGEOM.DIST($A7,$C$4,'Benchmarks by Card Role'!I$32,99,FALSE) -> 0 | AP40: =_xlfn.HYPGEOM.DIST($A7,$C$4,'Benchmarks by Card Role'!J$32,99,FALSE) -> 4.1230517e-07 | AQ40: =_xlfn.HYPGEOM.DIST($A7,$C$4,'Benchmarks by Card Role'!K$32,99,FALSE) -> 2.7309675e-06 | AR40: =_xlfn.HYPGEOM.DIST($A7,$C$4,'Benchmarks by Card Role'!L$32,99,FALSE) -> 1.0330182e-05 | AT40: =_xlfn.HYPGEOM.DIST($A7,$C$4,'Benchmarks by Card Role'!D$42,99,FALSE) -> 2.9287768e-05 | AU40: =_xlfn.HYPGEOM.DIST($A7,$C$4,'Benchmarks by Card Role'!E$42,99,FALSE) -> 6.9151673e-05 | AV40: =_xlfn.HYPGEOM.DIST($A7,$C$4,'Benchmarks by Card Role'!F$42,99,FALSE) -> 0.00014358685 | AW40: =_xlfn.HYPGEOM.DIST($A7,$C$4,'Benchmarks by Card Role'!G$42,99,FALSE) -> 0.000270857 | AX40: =_xlfn.HYPGEOM.DIST($A7,$C$4,'Benchmarks by Card Role'!H$42,99,FALSE) -> 0.00047411095 | AY40: =_xlfn.HYPGEOM.DIST($A7,$C$4,'Benchmarks by Card Role'!I$42,99,FALSE) -> 0.00078145612 | AZ40: =_xlfn.HYPGEOM.DIST($A7,$C$4,'Benchmarks by Card Role'!J$42,99,FALSE) -> 0.0012258135 | BA40: =_xlfn.HYPGEOM.DIST($A7,$C$4,'Benchmarks by Card Role'!K$42,99,FALSE) -> 0.0018445575 | BB40: =_xlfn.HYPGEOM.DIST($A7,$C$4,'Benchmarks by Card Role'!L$42,99,FALSE) -> 0.0026789521
F41: =_xlfn.HYPGEOM.DIST($A8,$C$4,'Benchmarks by Card Role'!D$2,99,FALSE) -> 0.011353157 | G41: =_xlfn.HYPGEOM.DIST($A8,$C$4,'Benchmarks by Card Role'!E$2,99,FALSE) -> 0.013962267 | H41: =_xlfn.HYPGEOM.DIST($A8,$C$4,'Benchmarks by Card Role'!F$2,99,FALSE) -> 0.016989111 | I41: =_xlfn.HYPGEOM.DIST($A8,$C$4,'Benchmarks by Card Role'!G$2,99,FALSE) -> 0.020466882 | J41: =_xlfn.HYPGEOM.DIST($A8,$C$4,'Benchmarks by Card Role'!H$2,99,FALSE) -> 0.02442632 | K41: =_xlfn.HYPGEOM.DIST($A8,$C$4,'Benchmarks by Card Role'!I$2,99,FALSE) -> 0.028894883 | L41: =_xlfn.HYPGEOM.DIST($A8,$C$4,'Benchmarks by Card Role'!J$2,99,FALSE) -> 0.033895921 | M41: =_xlfn.HYPGEOM.DIST($A8,$C$4,'Benchmarks by Card Role'!K$2,99,FALSE) -> 0.039447839 | N41: =_xlfn.HYPGEOM.DIST($A8,$C$4,'Benchmarks by Card Role'!L$2,99,FALSE) -> 0.045563297 | P41: =_xlfn.HYPGEOM.DIST($A8,$C$4,'Benchmarks by Card Role'!D$12,99,FALSE) -> 2.2166944e-08 | Q41: =_xlfn.HYPGEOM.DIST($A8,$C$4,'Benchmarks by Card Role'!E$12,99,FALSE) -> 1.6962531e-07 | R41: =_xlfn.HYPGEOM.DIST($A8,$C$4,'Benchmarks by Card Role'!F$12,99,FALSE) -> 7.2976165e-07 | S41: =_xlfn.HYPGEOM.DIST($A8,$C$4,'Benchmarks by Card Role'!G$12,99,FALSE) -> 2.324426e-06 | T41: =_xlfn.HYPGEOM.DIST($A8,$C$4,'Benchmarks by Card Role'!H$12,99,FALSE) -> 6.1048829e-06 | U41: =_xlfn.HYPGEOM.DIST($A8,$C$4,'Benchmarks by Card Role'!I$12,99,FALSE) -> 1.3985732e-05 | V41: =_xlfn.HYPGEOM.DIST($A8,$C$4,'Benchmarks by Card Role'!J$12,99,FALSE) -> 2.8909204e-05 | W41: =_xlfn.HYPGEOM.DIST($A8,$C$4,'Benchmarks by Card Role'!K$12,99,FALSE) -> 5.512918e-05 | X41: =_xlfn.HYPGEOM.DIST($A8,$C$4,'Benchmarks by Card Role'!L$12,99,FALSE) -> 9.8502873e-05 | Z41: =_xlfn.HYPGEOM.DIST($A8,$C$4,'Benchmarks by Card Role'!D$22,99,FALSE) -> 2.2166944e-08 | AA41: =_xlfn.HYPGEOM.DIST($A8,$C$4,'Benchmarks by Card Role'!E$22,99,FALSE) -> 1.6962531e-07 | AB41: =_xlfn.HYPGEOM.DIST($A8,$C$4,'Benchmarks by Card Role'!F$22,99,FALSE) -> 7.2976165e-07 | AC41: =_xlfn.HYPGEOM.DIST($A8,$C$4,'Benchmarks by Card Role'!G$22,99,FALSE) -> 2.324426e-06 | AD41: =_xlfn.HYPGEOM.DIST($A8,$C$4,'Benchmarks by Card Role'!H$22,99,FALSE) -> 6.1048829e-06 | AE41: =_xlfn.HYPGEOM.DIST($A8,$C$4,'Benchmarks by Card Role'!I$22,99,FALSE) -> 1.3985732e-05 | AF41: =_xlfn.HYPGEOM.DIST($A8,$C$4,'Benchmarks by Card Role'!J$22,99,FALSE) -> 2.8909204e-05 | AG41: =_xlfn.HYPGEOM.DIST($A8,$C$4,'Benchmarks by Card Role'!K$22,99,FALSE) -> 5.512918e-05 | AH41: =_xlfn.HYPGEOM.DIST($A8,$C$4,'Benchmarks by Card Role'!L$22,99,FALSE) -> 9.8502873e-05 | AJ41: =_xlfn.HYPGEOM.DIST($A8,$C$4,'Benchmarks by Card Role'!D$32,99,FALSE) -> 0 | AK41: =_xlfn.HYPGEOM.DIST($A8,$C$4,'Benchmarks by Card Role'!E$32,99,FALSE) -> 0 | AL41: =_xlfn.HYPGEOM.DIST($A8,$C$4,'Benchmarks by Card Role'!F$32,99,FALSE) -> 0 | AM41: =_xlfn.HYPGEOM.DIST($A8,$C$4,'Benchmarks by Card Role'!G$32,99,FALSE) -> 0 | AN41: =_xlfn.HYPGEOM.DIST($A8,$C$4,'Benchmarks by Card Role'!H$32,99,FALSE) -> 0 | AO41: =_xlfn.HYPGEOM.DIST($A8,$C$4,'Benchmarks by Card Role'!I$32,99,FALSE) -> 0 | AP41: =_xlfn.HYPGEOM.DIST($A8,$C$4,'Benchmarks by Card Role'!J$32,99,FALSE) -> 0 | AQ41: =_xlfn.HYPGEOM.DIST($A8,$C$4,'Benchmarks by Card Role'!K$32,99,FALSE) -> 2.2166944e-08 | AR41: =_xlfn.HYPGEOM.DIST($A8,$C$4,'Benchmarks by Card Role'!L$32,99,FALSE) -> 1.6962531e-07 | AT41: =_xlfn.HYPGEOM.DIST($A8,$C$4,'Benchmarks by Card Role'!D$42,99,FALSE) -> 7.2976165e-07 | AU41: =_xlfn.HYPGEOM.DIST($A8,$C$4,'Benchmarks by Card Role'!E$42,99,FALSE) -> 2.324426e-06 | AV41: =_xlfn.HYPGEOM.DIST($A8,$C$4,'Benchmarks by Card Role'!F$42,99,FALSE) -> 6.1048829e-06 | AW41: =_xlfn.HYPGEOM.DIST($A8,$C$4,'Benchmarks by Card Role'!G$42,99,FALSE) -> 1.3985732e-05 | AX41: =_xlfn.HYPGEOM.DIST($A8,$C$4,'Benchmarks by Card Role'!H$42,99,FALSE) -> 2.8909204e-05 | AY41: =_xlfn.HYPGEOM.DIST($A8,$C$4,'Benchmarks by Card Role'!I$42,99,FALSE) -> 5.512918e-05 | AZ41: =_xlfn.HYPGEOM.DIST($A8,$C$4,'Benchmarks by Card Role'!J$42,99,FALSE) -> 9.8502873e-05 | BA41: =_xlfn.HYPGEOM.DIST($A8,$C$4,'Benchmarks by Card Role'!K$42,99,FALSE) -> 0.00016677735 | BB41: =_xlfn.HYPGEOM.DIST($A8,$C$4,'Benchmarks by Card Role'!L$42,99,FALSE) -> 0.00026985781
F42: =_xlfn.HYPGEOM.DIST($A9,$C$4,'Benchmarks by Card Role'!D$2,99,FALSE) -> 0.0018639511 | G42: =_xlfn.HYPGEOM.DIST($A9,$C$4,'Benchmarks by Card Role'!E$2,99,FALSE) -> 0.0024328193 | H42: =_xlfn.HYPGEOM.DIST($A9,$C$4,'Benchmarks by Card Role'!F$2,99,FALSE) -> 0.0031364513 | I42: =_xlfn.HYPGEOM.DIST($A9,$C$4,'Benchmarks by Card Role'!G$2,99,FALSE) -> 0.003997438 | J42: =_xlfn.HYPGEOM.DIST($A9,$C$4,'Benchmarks by Card Role'!H$2,99,FALSE) -> 0.0050403517 | K42: =_xlfn.HYPGEOM.DIST($A9,$C$4,'Benchmarks by Card Role'!I$2,99,FALSE) -> 0.0062916278 | L42: =_xlfn.HYPGEOM.DIST($A9,$C$4,'Benchmarks by Card Role'!J$2,99,FALSE) -> 0.0077793916 | M42: =_xlfn.HYPGEOM.DIST($A9,$C$4,'Benchmarks by Card Role'!K$2,99,FALSE) -> 0.0095332277 | N42: =_xlfn.HYPGEOM.DIST($A9,$C$4,'Benchmarks by Card Role'!L$2,99,FALSE) -> 0.011583889 | P42: =_xlfn.HYPGEOM.DIST($A9,$C$4,'Benchmarks by Card Role'!D$12,99,FALSE) -> 0 | Q42: =_xlfn.HYPGEOM.DIST($A9,$C$4,'Benchmarks by Card Role'!E$12,99,FALSE) -> 9.6378019e-10 | R42: =_xlfn.HYPGEOM.DIST($A9,$C$4,'Benchmarks by Card Role'!F$12,99,FALSE) -> 8.3880649e-09 | S42: =_xlfn.HYPGEOM.DIST($A9,$C$4,'Benchmarks by Card Role'!G$12,99,FALSE) -> 4.0542314e-08 | T42: =_xlfn.HYPGEOM.DIST($A9,$C$4,'Benchmarks by Card Role'!H$12,99,FALSE) -> 1.436443e-07 | U42: =_xlfn.HYPGEOM.DIST($A9,$C$4,'Benchmarks by Card Role'!I$12,99,FALSE) -> 4.1624202e-07 | V42: =_xlfn.HYPGEOM.DIST($A9,$C$4,'Benchmarks by Card Role'!J$12,99,FALSE) -> 1.044911e-06 | W42: =_xlfn.HYPGEOM.DIST($A9,$C$4,'Benchmarks by Card Role'!K$12,99,FALSE) -> 2.3530747e-06 | X42: =_xlfn.HYPGEOM.DIST($A9,$C$4,'Benchmarks by Card Role'!L$12,99,FALSE) -> 4.8643394e-06 | Z42: =_xlfn.HYPGEOM.DIST($A9,$C$4,'Benchmarks by Card Role'!D$22,99,FALSE) -> 0 | AA42: =_xlfn.HYPGEOM.DIST($A9,$C$4,'Benchmarks by Card Role'!E$22,99,FALSE) -> 9.6378019e-10 | AB42: =_xlfn.HYPGEOM.DIST($A9,$C$4,'Benchmarks by Card Role'!F$22,99,FALSE) -> 8.3880649e-09 | AC42: =_xlfn.HYPGEOM.DIST($A9,$C$4,'Benchmarks by Card Role'!G$22,99,FALSE) -> 4.0542314e-08 | AD42: =_xlfn.HYPGEOM.DIST($A9,$C$4,'Benchmarks by Card Role'!H$22,99,FALSE) -> 1.436443e-07 | AE42: =_xlfn.HYPGEOM.DIST($A9,$C$4,'Benchmarks by Card Role'!I$22,99,FALSE) -> 4.1624202e-07 | AF42: =_xlfn.HYPGEOM.DIST($A9,$C$4,'Benchmarks by Card Role'!J$22,99,FALSE) -> 1.044911e-06 | AG42: =_xlfn.HYPGEOM.DIST($A9,$C$4,'Benchmarks by Card Role'!K$22,99,FALSE) -> 2.3530747e-06 | AH42: =_xlfn.HYPGEOM.DIST($A9,$C$4,'Benchmarks by Card Role'!L$22,99,FALSE) -> 4.8643394e-06 | AJ42: =_xlfn.HYPGEOM.DIST($A9,$C$4,'Benchmarks by Card Role'!D$32,99,FALSE) -> 0 | AK42: =_xlfn.HYPGEOM.DIST($A9,$C$4,'Benchmarks by Card Role'!E$32,99,FALSE) -> 0 | AL42: =_xlfn.HYPGEOM.DIST($A9,$C$4,'Benchmarks by Card Role'!F$32,99,FALSE) -> 0 | AM42: =_xlfn.HYPGEOM.DIST($A9,$C$4,'Benchmarks by Card Role'!G$32,99,FALSE) -> 0 | AN42: =_xlfn.HYPGEOM.DIST($A9,$C$4,'Benchmarks by Card Role'!H$32,99,FALSE) -> 0 | AO42: =_xlfn.HYPGEOM.DIST($A9,$C$4,'Benchmarks by Card Role'!I$32,99,FALSE) -> 0 | AP42: =_xlfn.HYPGEOM.DIST($A9,$C$4,'Benchmarks by Card Role'!J$32,99,FALSE) -> 0 | AQ42: =_xlfn.HYPGEOM.DIST($A9,$C$4,'Benchmarks by Card Role'!K$32,99,FALSE) -> 0 | AR42: =_xlfn.HYPGEOM.DIST($A9,$C$4,'Benchmarks by Card Role'!L$32,99,FALSE) -> 9.6378019e-10 | AT42: =_xlfn.HYPGEOM.DIST($A9,$C$4,'Benchmarks by Card Role'!D$42,99,FALSE) -> 8.3880649e-09 | AU42: =_xlfn.HYPGEOM.DIST($A9,$C$4,'Benchmarks by Card Role'!E$42,99,FALSE) -> 4.0542314e-08 | AV42: =_xlfn.HYPGEOM.DIST($A9,$C$4,'Benchmarks by Card Role'!F$42,99,FALSE) -> 1.436443e-07 | AW42: =_xlfn.HYPGEOM.DIST($A9,$C$4,'Benchmarks by Card Role'!G$42,99,FALSE) -> 4.1624202e-07 | AX42: =_xlfn.HYPGEOM.DIST($A9,$C$4,'Benchmarks by Card Role'!H$42,99,FALSE) -> 1.044911e-06 | AY42: =_xlfn.HYPGEOM.DIST($A9,$C$4,'Benchmarks by Card Role'!I$42,99,FALSE) -> 2.3530747e-06 | AZ42: =_xlfn.HYPGEOM.DIST($A9,$C$4,'Benchmarks by Card Role'!J$42,99,FALSE) -> 4.8643394e-06 | BA42: =_xlfn.HYPGEOM.DIST($A9,$C$4,'Benchmarks by Card Role'!K$42,99,FALSE) -> 9.381226e-06 | BB42: =_xlfn.HYPGEOM.DIST($A9,$C$4,'Benchmarks by Card Role'!L$42,99,FALSE) -> 1.7079608e-05
F43: =SUM(F34*$A$1,F35*$A$2,F36*$A$3,F37*$A$4,F38*$A$5,F39*$A$6,F40*$A$7,F41*$A$8,F42*$A$9) -> 3.2203811 | G43: =SUM(G34*$A$1,G35*$A$2,G36*$A$3,G37*$A$4,G38*$A$5,G39*$A$6,G40*$A$7,G41*$A$8,G42*$A$9) -> 3.3307676 | H43: =SUM(H34*$A$1,H35*$A$2,H36*$A$3,H37*$A$4,H38*$A$5,H39*$A$6,H40*$A$7,H41*$A$8,H42*$A$9) -> 3.4409188 | I43: =SUM(I34*$A$1,I35*$A$2,I36*$A$3,I37*$A$4,I38*$A$5,I39*$A$6,I40*$A$7,I41*$A$8,I42*$A$9) -> 3.5507735 | J43: =SUM(J34*$A$1,J35*$A$2,J36*$A$3,J37*$A$4,J38*$A$5,J39*$A$6,J40*$A$7,J41*$A$8,J42*$A$9) -> 3.6602585 | K43: =SUM(K34*$A$1,K35*$A$2,K36*$A$3,K37*$A$4,K38*$A$5,K39*$A$6,K40*$A$7,K41*$A$8,K42*$A$9) -> 3.769287 | L43: =SUM(L34*$A$1,L35*$A$2,L36*$A$3,L37*$A$4,L38*$A$5,L39*$A$6,L40*$A$7,L41*$A$8,L42*$A$9) -> 3.877757 | M43: =SUM(M34*$A$1,M35*$A$2,M36*$A$3,M37*$A$4,M38*$A$5,M39*$A$6,M40*$A$7,M41*$A$8,M42*$A$9) -> 3.9855494 | N43: =SUM(N34*$A$1,N35*$A$2,N36*$A$3,N37*$A$4,N38*$A$5,N39*$A$6,N40*$A$7,N41*$A$8,N42*$A$9) -> 4.0925265 | P43: =SUM(P34*$A$1,P35*$A$2,P36*$A$3,P37*$A$4,P38*$A$5,P39*$A$6,P40*$A$7,P41*$A$8,P42*$A$9) -> 0.77777778 | Q43: =SUM(Q34*$A$1,Q35*$A$2,Q36*$A$3,Q37*$A$4,Q38*$A$5,Q39*$A$6,Q40*$A$7,Q41*$A$8,Q42*$A$9) -> 0.88888889 | R43: =SUM(R34*$A$1,R35*$A$2,R36*$A$3,R37*$A$4,R38*$A$5,R39*$A$6,R40*$A$7,R41*$A$8,R42*$A$9) -> 1 | S43: =SUM(S34*$A$1,S35*$A$2,S36*$A$3,S37*$A$4,S38*$A$5,S39*$A$6,S40*$A$7,S41*$A$8,S42*$A$9) -> 1.1111111 | T43: =SUM(T34*$A$1,T35*$A$2,T36*$A$3,T37*$A$4,T38*$A$5,T39*$A$6,T40*$A$7,T41*$A$8,T42*$A$9) -> 1.2222222 | U43: =SUM(U34*$A$1,U35*$A$2,U36*$A$3,U37*$A$4,U38*$A$5,U39*$A$6,U40*$A$7,U41*$A$8,U42*$A$9) -> 1.3333333 | V43: =SUM(V34*$A$1,V35*$A$2,V36*$A$3,V37*$A$4,V38*$A$5,V39*$A$6,V40*$A$7,V41*$A$8,V42*$A$9) -> 1.4444443 | W43: =SUM(W34*$A$1,W35*$A$2,W36*$A$3,W37*$A$4,W38*$A$5,W39*$A$6,W40*$A$7,W41*$A$8,W42*$A$9) -> 1.555555 | X43: =SUM(X34*$A$1,X35*$A$2,X36*$A$3,X37*$A$4,X38*$A$5,X39*$A$6,X40*$A$7,X41*$A$8,X42*$A$9) -> 1.6666654 | Z43: =SUM(Z34*$A$1,Z35*$A$2,Z36*$A$3,Z37*$A$4,Z38*$A$5,Z39*$A$6,Z40*$A$7,Z41*$A$8,Z42*$A$9) -> 0.77777778 | AA43: =SUM(AA34*$A$1,AA35*$A$2,AA36*$A$3,AA37*$A$4,AA38*$A$5,AA39*$A$6,AA40*$A$7,AA41*$A$8,AA42*$A$9) -> 0.88888889 | AB43: =SUM(AB34*$A$1,AB35*$A$2,AB36*$A$3,AB37*$A$4,AB38*$A$5,AB39*$A$6,AB40*$A$7,AB41*$A$8,AB42*$A$9) -> 1 | AC43: =SUM(AC34*$A$1,AC35*$A$2,AC36*$A$3,AC37*$A$4,AC38*$A$5,AC39*$A$6,AC40*$A$7,AC41*$A$8,AC42*$A$9) -> 1.1111111 | AD43: =SUM(AD34*$A$1,AD35*$A$2,AD36*$A$3,AD37*$A$4,AD38*$A$5,AD39*$A$6,AD40*$A$7,AD41*$A$8,AD42*$A$9) -> 1.2222222 | AE43: =SUM(AE34*$A$1,AE35*$A$2,AE36*$A$3,AE37*$A$4,AE38*$A$5,AE39*$A$6,AE40*$A$7,AE41*$A$8,AE42*$A$9) -> 1.3333333 | AF43: =SUM(AF34*$A$1,AF35*$A$2,AF36*$A$3,AF37*$A$4,AF38*$A$5,AF39*$A$6,AF40*$A$7,AF41*$A$8,AF42*$A$9) -> 1.4444443 | AG43: =SUM(AG34*$A$1,AG35*$A$2,AG36*$A$3,AG37*$A$4,AG38*$A$5,AG39*$A$6,AG40*$A$7,AG41*$A$8,AG42*$A$9) -> 1.555555 | AH43: =SUM(AH34*$A$1,AH35*$A$2,AH36*$A$3,AH37*$A$4,AH38*$A$5,AH39*$A$6,AH40*$A$7,AH41*$A$8,AH42*$A$9) -> 1.6666654 | AJ43: =SUM(AJ34*$A$1,AJ35*$A$2,AJ36*$A$3,AJ37*$A$4,AJ38*$A$5,AJ39*$A$6,AJ40*$A$7,AJ41*$A$8,AJ42*$A$9) -> 0 | AK43: =SUM(AK34*$A$1,AK35*$A$2,AK36*$A$3,AK37*$A$4,AK38*$A$5,AK39*$A$6,AK40*$A$7,AK41*$A$8,AK42*$A$9) -> 0.11111111 | AL43: =SUM(AL34*$A$1,AL35*$A$2,AL36*$A$3,AL37*$A$4,AL38*$A$5,AL39*$A$6,AL40*$A$7,AL41*$A$8,AL42*$A$9) -> 0.22222222 | AM43: =SUM(AM34*$A$1,AM35*$A$2,AM36*$A$3,AM37*$A$4,AM38*$A$5,AM39*$A$6,AM40*$A$7,AM41*$A$8,AM42*$A$9) -> 0.33333333 | AN43: =SUM(AN34*$A$1,AN35*$A$2,AN36*$A$3,AN37*$A$4,AN38*$A$5,AN39*$A$6,AN40*$A$7,AN41*$A$8,AN42*$A$9) -> 0.44444444 | AO43: =SUM(AO34*$A$1,AO35*$A$2,AO36*$A$3,AO37*$A$4,AO38*$A$5,AO39*$A$6,AO40*$A$7,AO41*$A$8,AO42*$A$9) -> 0.55555556 | AP43: =SUM(AP34*$A$1,AP35*$A$2,AP36*$A$3,AP37*$A$4,AP38*$A$5,AP39*$A$6,AP40*$A$7,AP41*$A$8,AP42*$A$9) -> 0.66666667 | AQ43: =SUM(AQ34*$A$1,AQ35*$A$2,AQ36*$A$3,AQ37*$A$4,AQ38*$A$5,AQ39*$A$6,AQ40*$A$7,AQ41*$A$8,AQ42*$A$9) -> 0.77777778 | AR43: =SUM(AR34*$A$1,AR35*$A$2,AR36*$A$3,AR37*$A$4,AR38*$A$5,AR39*$A$6,AR40*$A$7,AR41*$A$8,AR42*$A$9) -> 0.88888889 | AT43: =SUM(AT34*$A$1,AT35*$A$2,AT36*$A$3,AT37*$A$4,AT38*$A$5,AT39*$A$6,AT40*$A$7,AT41*$A$8,AT42*$A$9) -> 1 | AU43: =SUM(AU34*$A$1,AU35*$A$2,AU36*$A$3,AU37*$A$4,AU38*$A$5,AU39*$A$6,AU40*$A$7,AU41*$A$8,AU42*$A$9) -> 1.1111111 | AV43: =SUM(AV34*$A$1,AV35*$A$2,AV36*$A$3,AV37*$A$4,AV38*$A$5,AV39*$A$6,AV40*$A$7,AV41*$A$8,AV42*$A$9) -> 1.2222222 | AW43: =SUM(AW34*$A$1,AW35*$A$2,AW36*$A$3,AW37*$A$4,AW38*$A$5,AW39*$A$6,AW40*$A$7,AW41*$A$8,AW42*$A$9) -> 1.3333333 | AX43: =SUM(AX34*$A$1,AX35*$A$2,AX36*$A$3,AX37*$A$4,AX38*$A$5,AX39*$A$6,AX40*$A$7,AX41*$A$8,AX42*$A$9) -> 1.4444443 | AY43: =SUM(AY34*$A$1,AY35*$A$2,AY36*$A$3,AY37*$A$4,AY38*$A$5,AY39*$A$6,AY40*$A$7,AY41*$A$8,AY42*$A$9) -> 1.555555 | AZ43: =SUM(AZ34*$A$1,AZ35*$A$2,AZ36*$A$3,AZ37*$A$4,AZ38*$A$5,AZ39*$A$6,AZ40*$A$7,AZ41*$A$8,AZ42*$A$9) -> 1.6666654 | BA43: =SUM(BA34*$A$1,BA35*$A$2,BA36*$A$3,BA37*$A$4,BA38*$A$5,BA39*$A$6,BA40*$A$7,BA41*$A$8,BA42*$A$9) -> 1.7777749 | BB43: =SUM(BB34*$A$1,BB35*$A$2,BB36*$A$3,BB37*$A$4,BB38*$A$5,BB39*$A$6,BB40*$A$7,BB41*$A$8,BB42*$A$9) -> 1.888883
F45: =_xlfn.HYPGEOM.DIST($A1,$C$5,'Benchmarks by Card Role'!D$2,99,FALSE) -> 0.011509339 | G45: =_xlfn.HYPGEOM.DIST($A1,$C$5,'Benchmarks by Card Role'!E$2,99,FALSE) -> 0.0095363097 | H45: =_xlfn.HYPGEOM.DIST($A1,$C$5,'Benchmarks by Card Role'!F$2,99,FALSE) -> 0.0078778211 | I45: =_xlfn.HYPGEOM.DIST($A1,$C$5,'Benchmarks by Card Role'!G$2,99,FALSE) -> 0.0064876174 | J45: =_xlfn.HYPGEOM.DIST($A1,$C$5,'Benchmarks by Card Role'!H$2,99,FALSE) -> 0.0053256561 | K45: =_xlfn.HYPGEOM.DIST($A1,$C$5,'Benchmarks by Card Role'!I$2,99,FALSE) -> 0.004357355 | L45: =_xlfn.HYPGEOM.DIST($A1,$C$5,'Benchmarks by Card Role'!J$2,99,FALSE) -> 0.0035529202 | M45: =_xlfn.HYPGEOM.DIST($A1,$C$5,'Benchmarks by Card Role'!K$2,99,FALSE) -> 0.0028867477 | N45: =_xlfn.HYPGEOM.DIST($A1,$C$5,'Benchmarks by Card Role'!L$2,99,FALSE) -> 0.002336891 | P45: =_xlfn.HYPGEOM.DIST($A1,$C$5,'Benchmarks by Card Role'!D$12,99,FALSE) -> 0.39251317 | Q45: =_xlfn.HYPGEOM.DIST($A1,$C$5,'Benchmarks by Card Role'!E$12,99,FALSE) -> 0.3413158 | R45: =_xlfn.HYPGEOM.DIST($A1,$C$5,'Benchmarks by Card Role'!F$12,99,FALSE) -> 0.29630712 | S45: =_xlfn.HYPGEOM.DIST($A1,$C$5,'Benchmarks by Card Role'!G$12,99,FALSE) -> 0.25679951 | T45: =_xlfn.HYPGEOM.DIST($A1,$C$5,'Benchmarks by Card Role'!H$12,99,FALSE) -> 0.22217485 | U45: =_xlfn.HYPGEOM.DIST($A1,$C$5,'Benchmarks by Card Role'!I$12,99,FALSE) -> 0.19187828 | V45: =_xlfn.HYPGEOM.DIST($A1,$C$5,'Benchmarks by Card Role'!J$12,99,FALSE) -> 0.16541231 | W45: =_xlfn.HYPGEOM.DIST($A1,$C$5,'Benchmarks by Card Role'!K$12,99,FALSE) -> 0.14233153 | X45: =_xlfn.HYPGEOM.DIST($A1,$C$5,'Benchmarks by Card Role'!L$12,99,FALSE) -> 0.12223766 | Z45: =_xlfn.HYPGEOM.DIST($A1,$C$5,'Benchmarks by Card Role'!D$22,99,FALSE) -> 0.39251317 | AA45: =_xlfn.HYPGEOM.DIST($A1,$C$5,'Benchmarks by Card Role'!E$22,99,FALSE) -> 0.3413158 | AB45: =_xlfn.HYPGEOM.DIST($A1,$C$5,'Benchmarks by Card Role'!F$22,99,FALSE) -> 0.29630712 | AC45: =_xlfn.HYPGEOM.DIST($A1,$C$5,'Benchmarks by Card Role'!G$22,99,FALSE) -> 0.25679951 | AD45: =_xlfn.HYPGEOM.DIST($A1,$C$5,'Benchmarks by Card Role'!H$22,99,FALSE) -> 0.22217485 | AE45: =_xlfn.HYPGEOM.DIST($A1,$C$5,'Benchmarks by Card Role'!I$22,99,FALSE) -> 0.19187828 | AF45: =_xlfn.HYPGEOM.DIST($A1,$C$5,'Benchmarks by Card Role'!J$22,99,FALSE) -> 0.16541231 | AG45: =_xlfn.HYPGEOM.DIST($A1,$C$5,'Benchmarks by Card Role'!K$22,99,FALSE) -> 0.14233153 | AH45: =_xlfn.HYPGEOM.DIST($A1,$C$5,'Benchmarks by Card Role'!L$22,99,FALSE) -> 0.12223766 | AJ45: =_xlfn.HYPGEOM.DIST($A1,$C$5,'Benchmarks by Card Role'!D$32,99,FALSE) -> 1 | AK45: =_xlfn.HYPGEOM.DIST($A1,$C$5,'Benchmarks by Card Role'!E$32,99,FALSE) -> 0.87878788 | AL45: =_xlfn.HYPGEOM.DIST($A1,$C$5,'Benchmarks by Card Role'!F$32,99,FALSE) -> 0.7711812 | AM45: =_xlfn.HYPGEOM.DIST($A1,$C$5,'Benchmarks by Card Role'!G$32,99,FALSE) -> 0.67577734 | AN45: =_xlfn.HYPGEOM.DIST($A1,$C$5,'Benchmarks by Card Role'!H$32,99,FALSE) -> 0.59130517 | AO45: =_xlfn.HYPGEOM.DIST($A1,$C$5,'Benchmarks by Card Role'!I$32,99,FALSE) -> 0.51661399 | AP45: =_xlfn.HYPGEOM.DIST($A1,$C$5,'Benchmarks by Card Role'!J$32,99,FALSE) -> 0.45066327 | AQ45: =_xlfn.HYPGEOM.DIST($A1,$C$5,'Benchmarks by Card Role'!K$32,99,FALSE) -> 0.39251317 | AR45: =_xlfn.HYPGEOM.DIST($A1,$C$5,'Benchmarks by Card Role'!L$32,99,FALSE) -> 0.3413158 | AT45: =_xlfn.HYPGEOM.DIST($A1,$C$5,'Benchmarks by Card Role'!D$42,99,FALSE) -> 0.29630712 | AU45: =_xlfn.HYPGEOM.DIST($A1,$C$5,'Benchmarks by Card Role'!E$42,99,FALSE) -> 0.25679951 | AV45: =_xlfn.HYPGEOM.DIST($A1,$C$5,'Benchmarks by Card Role'!F$42,99,FALSE) -> 0.22217485 | AW45: =_xlfn.HYPGEOM.DIST($A1,$C$5,'Benchmarks by Card Role'!G$42,99,FALSE) -> 0.19187828 | AX45: =_xlfn.HYPGEOM.DIST($A1,$C$5,'Benchmarks by Card Role'!H$42,99,FALSE) -> 0.16541231 | AY45: =_xlfn.HYPGEOM.DIST($A1,$C$5,'Benchmarks by Card Role'!I$42,99,FALSE) -> 0.14233153 | AZ45: =_xlfn.HYPGEOM.DIST($A1,$C$5,'Benchmarks by Card Role'!J$42,99,FALSE) -> 0.12223766 | BA45: =_xlfn.HYPGEOM.DIST($A1,$C$5,'Benchmarks by Card Role'!K$42,99,FALSE) -> 0.10477514 | BB45: =_xlfn.HYPGEOM.DIST($A1,$C$5,'Benchmarks by Card Role'!L$42,99,FALSE) -> 0.089626927
F46: =_xlfn.HYPGEOM.DIST($A2,$C$5,'Benchmarks by Card Role'!D$2,99,FALSE) -> 0.067885595 | G46: =_xlfn.HYPGEOM.DIST($A2,$C$5,'Benchmarks by Card Role'!E$2,99,FALSE) -> 0.059190888 | H46: =_xlfn.HYPGEOM.DIST($A2,$C$5,'Benchmarks by Card Role'!F$2,99,FALSE) -> 0.051413148 | I46: =_xlfn.HYPGEOM.DIST($A2,$C$5,'Benchmarks by Card Role'!G$2,99,FALSE) -> 0.044486519 | J46: =_xlfn.HYPGEOM.DIST($A2,$C$5,'Benchmarks by Card Role'!H$2,99,FALSE) -> 0.038344724 | K46: =_xlfn.HYPGEOM.DIST($A2,$C$5,'Benchmarks by Card Role'!I$2,99,FALSE) -> 0.032922237 | L46: =_xlfn.HYPGEOM.DIST($A2,$C$5,'Benchmarks by Card Role'!J$2,99,FALSE) -> 0.028155217 | M46: =_xlfn.HYPGEOM.DIST($A2,$C$5,'Benchmarks by Card Role'!K$2,99,FALSE) -> 0.023982211 | N46: =_xlfn.HYPGEOM.DIST($A2,$C$5,'Benchmarks by Card Role'!L$2,99,FALSE) -> 0.020344698 | P46: =_xlfn.HYPGEOM.DIST($A2,$C$5,'Benchmarks by Card Role'!D$12,99,FALSE) -> 0.4070507 | Q46: =_xlfn.HYPGEOM.DIST($A2,$C$5,'Benchmarks by Card Role'!E$12,99,FALSE) -> 0.40957896 | R46: =_xlfn.HYPGEOM.DIST($A2,$C$5,'Benchmarks by Card Role'!F$12,99,FALSE) -> 0.40507809 | S46: =_xlfn.HYPGEOM.DIST($A2,$C$5,'Benchmarks by Card Role'!G$12,99,FALSE) -> 0.39507617 | T46: =_xlfn.HYPGEOM.DIST($A2,$C$5,'Benchmarks by Card Role'!H$12,99,FALSE) -> 0.38087118 | U46: =_xlfn.HYPGEOM.DIST($A2,$C$5,'Benchmarks by Card Role'!I$12,99,FALSE) -> 0.36355885 | V46: =_xlfn.HYPGEOM.DIST($A2,$C$5,'Benchmarks by Card Role'!J$12,99,FALSE) -> 0.34405761 | W46: =_xlfn.HYPGEOM.DIST($A2,$C$5,'Benchmarks by Card Role'!K$12,99,FALSE) -> 0.32313103 | X46: =_xlfn.HYPGEOM.DIST($A2,$C$5,'Benchmarks by Card Role'!L$12,99,FALSE) -> 0.30140794 | Z46: =_xlfn.HYPGEOM.DIST($A2,$C$5,'Benchmarks by Card Role'!D$22,99,FALSE) -> 0.4070507 | AA46: =_xlfn.HYPGEOM.DIST($A2,$C$5,'Benchmarks by Card Role'!E$22,99,FALSE) -> 0.40957896 | AB46: =_xlfn.HYPGEOM.DIST($A2,$C$5,'Benchmarks by Card Role'!F$22,99,FALSE) -> 0.40507809 | AC46: =_xlfn.HYPGEOM.DIST($A2,$C$5,'Benchmarks by Card Role'!G$22,99,FALSE) -> 0.39507617 | AD46: =_xlfn.HYPGEOM.DIST($A2,$C$5,'Benchmarks by Card Role'!H$22,99,FALSE) -> 0.38087118 | AE46: =_xlfn.HYPGEOM.DIST($A2,$C$5,'Benchmarks by Card Role'!I$22,99,FALSE) -> 0.36355885 | AF46: =_xlfn.HYPGEOM.DIST($A2,$C$5,'Benchmarks by Card Role'!J$22,99,FALSE) -> 0.34405761 | AG46: =_xlfn.HYPGEOM.DIST($A2,$C$5,'Benchmarks by Card Role'!K$22,99,FALSE) -> 0.32313103 | AH46: =_xlfn.HYPGEOM.DIST($A2,$C$5,'Benchmarks by Card Role'!L$22,99,FALSE) -> 0.30140794 | AJ46: =_xlfn.HYPGEOM.DIST($A2,$C$5,'Benchmarks by Card Role'!D$32,99,FALSE) -> 0 | AK46: =_xlfn.HYPGEOM.DIST($A2,$C$5,'Benchmarks by Card Role'!E$32,99,FALSE) -> 0.12121212 | AL46: =_xlfn.HYPGEOM.DIST($A2,$C$5,'Benchmarks by Card Role'!F$32,99,FALSE) -> 0.21521336 | AM46: =_xlfn.HYPGEOM.DIST($A2,$C$5,'Benchmarks by Card Role'!G$32,99,FALSE) -> 0.28621158 | AN46: =_xlfn.HYPGEOM.DIST($A2,$C$5,'Benchmarks by Card Role'!H$32,99,FALSE) -> 0.33788867 | AO46: =_xlfn.HYPGEOM.DIST($A2,$C$5,'Benchmarks by Card Role'!I$32,99,FALSE) -> 0.3734559 | AP46: =_xlfn.HYPGEOM.DIST($A2,$C$5,'Benchmarks by Card Role'!J$32,99,FALSE) -> 0.39570433 | AQ46: =_xlfn.HYPGEOM.DIST($A2,$C$5,'Benchmarks by Card Role'!K$32,99,FALSE) -> 0.4070507 | AR46: =_xlfn.HYPGEOM.DIST($A2,$C$5,'Benchmarks by Card Role'!L$32,99,FALSE) -> 0.40957896 | AT46: =_xlfn.HYPGEOM.DIST($A2,$C$5,'Benchmarks by Card Role'!D$42,99,FALSE) -> 0.40507809 | AU46: =_xlfn.HYPGEOM.DIST($A2,$C$5,'Benchmarks by Card Role'!E$42,99,FALSE) -> 0.39507617 | AV46: =_xlfn.HYPGEOM.DIST($A2,$C$5,'Benchmarks by Card Role'!F$42,99,FALSE) -> 0.38087118 | AW46: =_xlfn.HYPGEOM.DIST($A2,$C$5,'Benchmarks by Card Role'!G$42,99,FALSE) -> 0.36355885 | AX46: =_xlfn.HYPGEOM.DIST($A2,$C$5,'Benchmarks by Card Role'!H$42,99,FALSE) -> 0.34405761 | AY46: =_xlfn.HYPGEOM.DIST($A2,$C$5,'Benchmarks by Card Role'!I$42,99,FALSE) -> 0.32313103 | AZ46: =_xlfn.HYPGEOM.DIST($A2,$C$5,'Benchmarks by Card Role'!J$42,99,FALSE) -> 0.30140794 | BA46: =_xlfn.HYPGEOM.DIST($A2,$C$5,'Benchmarks by Card Role'!K$42,99,FALSE) -> 0.27940037 | BB46: =_xlfn.HYPGEOM.DIST($A2,$C$5,'Benchmarks by Card Role'!L$42,99,FALSE) -> 0.25751962
F47: =_xlfn.HYPGEOM.DIST($A3,$C$5,'Benchmarks by Card Role'!D$2,99,FALSE) -> 0.17423969 | G47: =_xlfn.HYPGEOM.DIST($A3,$C$5,'Benchmarks by Card Role'!E$2,99,FALSE) -> 0.16001604 | H47: =_xlfn.HYPGEOM.DIST($A3,$C$5,'Benchmarks by Card Role'!F$2,99,FALSE) -> 0.14626154 | I47: =_xlfn.HYPGEOM.DIST($A3,$C$5,'Benchmarks by Card Role'!G$2,99,FALSE) -> 0.13306932 | J47: =_xlfn.HYPGEOM.DIST($A3,$C$5,'Benchmarks by Card Role'!H$2,99,FALSE) -> 0.12051199 | K47: =_xlfn.HYPGEOM.DIST($A3,$C$5,'Benchmarks by Card Role'!I$2,99,FALSE) -> 0.10864338 | L47: =_xlfn.HYPGEOM.DIST($A3,$C$5,'Benchmarks by Card Role'!J$2,99,FALSE) -> 0.097500472 | M47: =_xlfn.HYPGEOM.DIST($A3,$C$5,'Benchmarks by Card Role'!K$2,99,FALSE) -> 0.087105201 | N47: =_xlfn.HYPGEOM.DIST($A3,$C$5,'Benchmarks by Card Role'!L$2,99,FALSE) -> 0.077466349 | P47: =_xlfn.HYPGEOM.DIST($A3,$C$5,'Benchmarks by Card Role'!D$12,99,FALSE) -> 0.16381308 | Q47: =_xlfn.HYPGEOM.DIST($A3,$C$5,'Benchmarks by Card Role'!E$12,99,FALSE) -> 0.19467642 | R47: =_xlfn.HYPGEOM.DIST($A3,$C$5,'Benchmarks by Card Role'!F$12,99,FALSE) -> 0.22279295 | S47: =_xlfn.HYPGEOM.DIST($A3,$C$5,'Benchmarks by Card Role'!G$12,99,FALSE) -> 0.24754772 | T47: =_xlfn.HYPGEOM.DIST($A3,$C$5,'Benchmarks by Card Role'!H$12,99,FALSE) -> 0.26856301 | U47: =_xlfn.HYPGEOM.DIST($A3,$C$5,'Benchmarks by Card Role'!I$12,99,FALSE) -> 0.28565338 | V47: =_xlfn.HYPGEOM.DIST($A3,$C$5,'Benchmarks by Card Role'!J$12,99,FALSE) -> 0.29878687 | W47: =_xlfn.HYPGEOM.DIST($A3,$C$5,'Benchmarks by Card Role'!K$12,99,FALSE) -> 0.30805158 | X47: =_xlfn.HYPGEOM.DIST($A3,$C$5,'Benchmarks by Card Role'!L$12,99,FALSE) -> 0.31362718 | Z47: =_xlfn.HYPGEOM.DIST($A3,$C$5,'Benchmarks by Card Role'!D$22,99,FALSE) -> 0.16381308 | AA47: =_xlfn.HYPGEOM.DIST($A3,$C$5,'Benchmarks by Card Role'!E$22,99,FALSE) -> 0.19467642 | AB47: =_xlfn.HYPGEOM.DIST($A3,$C$5,'Benchmarks by Card Role'!F$22,99,FALSE) -> 0.22279295 | AC47: =_xlfn.HYPGEOM.DIST($A3,$C$5,'Benchmarks by Card Role'!G$22,99,FALSE) -> 0.24754772 | AD47: =_xlfn.HYPGEOM.DIST($A3,$C$5,'Benchmarks by Card Role'!H$22,99,FALSE) -> 0.26856301 | AE47: =_xlfn.HYPGEOM.DIST($A3,$C$5,'Benchmarks by Card Role'!I$22,99,FALSE) -> 0.28565338 | AF47: =_xlfn.HYPGEOM.DIST($A3,$C$5,'Benchmarks by Card Role'!J$22,99,FALSE) -> 0.29878687 | AG47: =_xlfn.HYPGEOM.DIST($A3,$C$5,'Benchmarks by Card Role'!K$22,99,FALSE) -> 0.30805158 | AH47: =_xlfn.HYPGEOM.DIST($A3,$C$5,'Benchmarks by Card Role'!L$22,99,FALSE) -> 0.31362718 | AJ47: =_xlfn.HYPGEOM.DIST($A3,$C$5,'Benchmarks by Card Role'!D$32,99,FALSE) -> 0 | AK47: =_xlfn.HYPGEOM.DIST($A3,$C$5,'Benchmarks by Card Role'!E$32,99,FALSE) -> 0 | AL47: =_xlfn.HYPGEOM.DIST($A3,$C$5,'Benchmarks by Card Role'!F$32,99,FALSE) -> 0.013605442 | AM47: =_xlfn.HYPGEOM.DIST($A3,$C$5,'Benchmarks by Card Role'!G$32,99,FALSE) -> 0.036608458 | AN47: =_xlfn.HYPGEOM.DIST($A3,$C$5,'Benchmarks by Card Role'!H$32,99,FALSE) -> 0.065590154 | AO47: =_xlfn.HYPGEOM.DIST($A3,$C$5,'Benchmarks by Card Role'!I$32,99,FALSE) -> 0.097809878 | AP47: =_xlfn.HYPGEOM.DIST($A3,$C$5,'Benchmarks by Card Role'!J$32,99,FALSE) -> 0.13110686 | AQ47: =_xlfn.HYPGEOM.DIST($A3,$C$5,'Benchmarks by Card Role'!K$32,99,FALSE) -> 0.16381308 | AR47: =_xlfn.HYPGEOM.DIST($A3,$C$5,'Benchmarks by Card Role'!L$32,99,FALSE) -> 0.19467642 | AT47: =_xlfn.HYPGEOM.DIST($A3,$C$5,'Benchmarks by Card Role'!D$42,99,FALSE) -> 0.22279295 | AU47: =_xlfn.HYPGEOM.DIST($A3,$C$5,'Benchmarks by Card Role'!E$42,99,FALSE) -> 0.24754772 | AV47: =_xlfn.HYPGEOM.DIST($A3,$C$5,'Benchmarks by Card Role'!F$42,99,FALSE) -> 0.26856301 | AW47: =_xlfn.HYPGEOM.DIST($A3,$C$5,'Benchmarks by Card Role'!G$42,99,FALSE) -> 0.28565338 | AX47: =_xlfn.HYPGEOM.DIST($A3,$C$5,'Benchmarks by Card Role'!H$42,99,FALSE) -> 0.29878687 | AY47: =_xlfn.HYPGEOM.DIST($A3,$C$5,'Benchmarks by Card Role'!I$42,99,FALSE) -> 0.30805158 | AZ47: =_xlfn.HYPGEOM.DIST($A3,$C$5,'Benchmarks by Card Role'!J$42,99,FALSE) -> 0.31362718 | BA47: =_xlfn.HYPGEOM.DIST($A3,$C$5,'Benchmarks by Card Role'!K$42,99,FALSE) -> 0.3157607 | BB47: =_xlfn.HYPGEOM.DIST($A3,$C$5,'Benchmarks by Card Role'!L$42,99,FALSE) -> 0.3147462
